id,updateDate,link,category,description,description2,publishDate,deadlineDate,procedure,cat2,cat3,link2,value
"4793300","2021-06-01T12:26:56.180123","https://www.eprocurement.gov.cy/epps/cft/prepareViewCfTWS.do?resourceId=4793300","Υπουργείο Υγείας","Προσφορά για την προμήθεια Δισκίων Cinacalcet (as hydrochloride), Φ.Υ.Υ.58/2021-ΟΑΥ","Προμήθεια Δισκίων Cinacalcet (as hydrochloride)","2021-06-01T14:43:48","2021-06-17T13:00:00","Ανοικτή","Υποβολή Προσφοράς","Κάτω","https://www.eprocurement.gov.cy/epps/cft/downloadNoticeForAdvSearch.do?resourceId=4793300","97720"
"4793381","2021-06-01T12:26:56.180123","https://www.eprocurement.gov.cy/epps/cft/prepareViewCfTWS.do?resourceId=4793381","Τμήμα Δασών","ΤΔ 54/2021 Η προμήθεια και τοποθέτηση τεσσάρων προκατασκευασμένων κτιρίων εμβαδού 40 m2 περίπου το καθένα στην Αεροπορική Βάση Ανδρέας Παπανδρέου στην Πάφο","ΤΔ 54/2021 Η προμήθεια και τοποθέτηση τεσσάρων προκατασκευασμένων κτιρίων εμβαδού 40 m2 περίπου το καθένα στην Αεροπορική Βάση Ανδρέας Παπανδρέου στην Πάφο για το Τμήμα Δασών όπως προσδιορίζεται αναλυτικά στα Έγγραφα Διαγωνισμού. Η προμήθεια εντάσσεται στην κατηγορία CPV 44211000-2","2021-06-01T14:38:40","2021-06-15T10:00:00","Ανοικτή","Υποβολή Προσφοράς","Κάτω","https://www.eprocurement.gov.cy/epps/cft/downloadNoticeForAdvSearch.do?resourceId=4793381","60000"
"4792968","2021-06-01T12:26:56.180123","https://www.eprocurement.gov.cy/epps/cft/prepareViewCfTWS.do?resourceId=4792968","Τμήμα Δασών","ΤΔ 53/2021 Διαγωνισμός για την προμήθεια, μεταφορά επίστρωση, ράντισμα και συμπίεση κατάλληλου υλικού «στρώσης στέψης» για διάφορες εργασίες στην αεροπορική βάση Αντρέας Παπανδρέου στην Πάφ","ΤΔ 53/2021 Η εργασία αφορά την προμήθεια, μεταφορά επίστρωση, ράντισμα και συμπίεση κατάλληλου υλικού «στρώσης στέψης» για διάφορες εργασίες στην αεροπορική βάση Αντρέας Παπανδρέου στην Πάφο, που εντάσσεται στην κατηγορία 45233120-6 όπως προσδιορίζεται αναλυτικά στα Έγγραφα Διαγωνισμού.","2021-06-01T13:55:23","2021-06-15T10:00:00","Ανοικτή","Υποβολή Προσφοράς","Κάτω","https://www.eprocurement.gov.cy/epps/cft/downloadNoticeForAdvSearch.do?resourceId=4792968","36000"
"4791793","2021-06-01T12:26:56.180123","https://www.eprocurement.gov.cy/epps/cft/prepareViewCfTWS.do?resourceId=4791793","Τμήμα Δημοσίων Έργων","ΕΡΓΑΣΙΕΣ ΣΥΝΤΗΡΗΣΗΣ ΣΤΕΓΩΝ ΑΠΟ ΚΕΡΑΜΙΔΙΑ ΣΕ ΔΙΑΦΟΡΑ ΚΥΒΕΡΝΗΤΙΚΑ ΚΤΙΡΙΑ ΚΑΙ ΣΤΡΑΤΟΠΕΔΑ ΕΝΤΟΣ ΤΗΣ ΕΠΑΡΧΙΑΣ ΛΑΡΝΑΚΑΣ, Δ.Τ.Δ.Ε. (Ε.Μ.Λ/ΚΑ) 23/2021.","Εργασίες συντήρησης στεγών από κεραμίδια σε διάφορα Κυβερνητικά κτίρια και στρατόπεδα εντός της Επαρχίας Λάρνακας.","2021-06-01T13:04:46","2021-06-18T11:00:00","Ανοικτή","Υποβολή Προσφοράς","Κάτω","https://www.eprocurement.gov.cy/epps/cft/downloadNoticeForAdvSearch.do?resourceId=4791793","50000"
"4792299","2021-06-01T12:26:56.180123","https://www.eprocurement.gov.cy/epps/cft/prepareViewCfTWS.do?resourceId=4792299","Δήμος Λακατάμιας","ΚΑΤΑΣΚΕΥΗ ΤΡΙΩΝ ΠΑΡΚΩΝ (ΣΤΙΣ ΟΔΟΥΣ ΚΑΛΛΙΘΕΑΣ, ΗΡΑΚΛΕΟΥΣ ΚΑΙ ΣΠΥΡΙΔΩΝΟΣ ΤΡΙΚΟΥΠΗ)","ΚΑΤΑΣΚΕΥΗ ΤΡΙΩΝ ΠΑΡΚΩΝ (ΣΤΙΣ ΟΔΟΥΣ ΚΑΛΛΙΘΕΑΣ, ΗΡΑΚΛΕΟΥΣ ΚΑΙ ΣΠΥΡΙΔΩΝΟΣ ΤΡΙΚΟΥΠΗ)","2021-06-01T12:19:39","2021-06-23T12:00:00","Ανοικτή","Υποβολή Προσφοράς","Κάτω","https://www.eprocurement.gov.cy/epps/cft/downloadNoticeForAdvSearch.do?resourceId=4792299","59000"
"4792235","2021-06-01T12:26:56.180123","https://www.eprocurement.gov.cy/epps/cft/prepareViewCfTWS.do?resourceId=4792235","ΚΟΙΝΟΤΙΚΟ ΣΥΜΒΟΥΛΙΟ ΠΕΡΒΟΛΙΩΝ","Διαγωνισμός για παροχή υπηρεσιών αποκομιδής και μεταφοράς των σκυβάλων του Κοινοτικού Συμβουλίου Περβολιών στο Διαμετακομιστικό Σταθμό (ΧΥΤΥ) Κόσιης.","Διαγωνισμός για παροχή υπηρεσιών αποκομιδής και μεταφοράς των σκυβάλων του Κοινοτικού Συμβουλίου Περβολιών στο Διαμετακομιστικό Σταθμό (ΧΥΤΥ) Κόσιης.","2021-06-01T11:40:56","2021-06-25T12:00:00","Ανοικτή","Υποβολή Προσφοράς","Κάτω","https://www.eprocurement.gov.cy/epps/cft/downloadNoticeForAdvSearch.do?resourceId=4792235","102000"
"4791897","2021-06-01T12:26:56.180123","https://www.eprocurement.gov.cy/epps/cft/prepareViewCfTWS.do?resourceId=4791897","Δήμος Κάτω Πολεμιδιών","Παροχή υπηρεσιών για τη συντήρηση του χλοοτάπητα των δέντρων των θάμνων και των συστημάτων άρδευσης, των Κυκλικών Κόμβων Λιμανιού και Πολεμιδιών και των νησίδων στην περιοχή των δύο κόμβων Αρ. 5/2021","Ο Δήμος Κάτω Πολεμιδιών διενεργεί διαγωνισμό για την παροχή υπηρεσιών για τη συντήρηση του χλοοτάπητα, των δέντρων, των θάμνων και των συστημάτων άρδευσης, των Κυκλικών Κόμβων Λιμανιού και Πολεμιδιών και των νησίδων κάτω από το υπέργειο τμήμα του αυτοκινητόδρομου Λεμεσού-Πάφου στην περιοχή των δυο κόμβων.","2021-06-01T10:20:05","2021-06-16T12:00:00","Ανοικτή","Υποβολή Προσφοράς","Κάτω","https://www.eprocurement.gov.cy/epps/cft/downloadNoticeForAdvSearch.do?resourceId=4791897","42000"
"4791954","2021-06-01T12:26:56.180123","https://www.eprocurement.gov.cy/epps/cft/prepareViewCfTWS.do?resourceId=4791954","Οργανισμός Κρατικών Υπηρεσιών Υγείας","Αγορά αντιδραστηρίων ελέγχου γλυκοζυλιωμένης αιμοσφαιρίνης (HbA1c) και μέτρηση μικρολευκωματίνης, κρεατινίνης και του κλάσματος αυτών, με εγκατάσταση και συντήρηση συνοδού εξοπλισμού για παιδοενδοκριν","Προσφορά για την αγορά αντιδραστηρίων ελέγχου γλυκοζυλιωμένης αιμοσφαιρίνης (HbA1c) από τριχοειδικό αίμα και μέτρηση μικρολευκωματίνης, κρεατινίνης και του κλάσματος αυτών, με εγκατάσταση και συντήρηση συνοδού εξοπλισμού για τις ανάγκες των παιδοενδοκρινολογικών κλινικών","2021-06-01T10:19:12","2021-06-25T10:00:00","Ανοικτή","Υποβολή Προσφοράς","Κάτω","https://www.eprocurement.gov.cy/epps/cft/downloadNoticeForAdvSearch.do?resourceId=4791954","65000"
"4759815","2021-06-01T12:26:56.180123","https://www.eprocurement.gov.cy/epps/cft/prepareViewCfTWS.do?resourceId=4759815","Τμήμα Ηλεκτρομηχανολογικών Υπηρεσιών","Διαγωνισμός αρ. 20.004.ΕΠ.ΗΜΥ Προμήθεια και συντήρηση ενός οχήματος γενικής χρήσης με προσαρτήματα","Διαγωνισμός αρ. 20.004.ΕΠ.ΗΜΥ Προμήθεια και συντήρηση για πέντε χρόνια ενός οχήματος γενικής χρήσης με προσαρτήματα, για το Τμήμα Δημοσίων Έργων","2021-06-01T09:45:33","2021-07-05T09:00:00","Ανοικτή","Υποβολή Προσφοράς","Πάνω","https://www.eprocurement.gov.cy/epps/cft/downloadNoticeForAdvSearch.do?resourceId=4759815","227200"
"4791207","2021-06-01T12:26:56.180123","https://www.eprocurement.gov.cy/epps/cft/prepareViewCfTWS.do?resourceId=4791207","Υπουργείο Υγείας","Προσφορά για την προμήθεια Εμβολίου Εποχικής Γρίπης αρ.διαγ.Φ.Υ.Υ. 57/2021(ΥΥ)","Προσφορά για την προμήθεια Εμβολίου Εποχικής Γρίπης","2021-05-31T15:26:33","2021-06-15T13:00:00","Ανοικτή","Υποβολή Προσφοράς","Πάνω","https://www.eprocurement.gov.cy/epps/cft/downloadNoticeForAdvSearch.do?resourceId=4791207","980800"
"4791236","2021-06-01T12:26:56.180123","https://www.eprocurement.gov.cy/epps/cft/prepareViewCfTWS.do?resourceId=4791236","Δήμος Πάφου","Κατασκευή και επιδιόρθωση πεζοδρομίων και κατασκευή σημείων αποκομιδής σκυβάλων στη δημαρχούμενη περιοχή Πάφου","Κατασκευή και επιδιόρθωση πεζοδρομίων και κατασκευή σημείων αποκομιδής σκυβάλων στη δημαρχούμενη περιοχή Πάφου","2021-05-31T15:22:42","2021-06-22T12:00:00","Ανοικτή","Υποβολή Προσφοράς","Κάτω","https://www.eprocurement.gov.cy/epps/cft/downloadNoticeForAdvSearch.do?resourceId=4791236","650000"
"4779220","2021-06-01T12:26:56.180123","https://www.eprocurement.gov.cy/epps/cft/prepareViewCfTWS.do?resourceId=4779220","Τμήμα Δημοσίων Έργων","Consultancy services for the development of a National Land Transport Strategy for Cyprus (PS/36/2020/S(O))","This project involves the development of a nationwide Transport Land Strategy that will facilitate the identification and justification of future necessary policies and investments in the transport sector, whilst also looking to align the sector with the requirements of the National Energy and Climate Plan. The purpose of the Assignment is to provide the basis for sustainable transport infrastructure and service development in Cyprus over the medium to long term, which will contribute to the balanced regional development, mitigation of climate change and the competent evolution of the transport sector of the country.","2021-05-31T15:04:12","2021-07-09T11:00:00","Ανοικτή","Υποβολή Προσφοράς","Πάνω","https://www.eprocurement.gov.cy/epps/cft/downloadNoticeForAdvSearch.do?resourceId=4779220","235000"
"4791049","2021-06-01T12:26:56.180123","https://www.eprocurement.gov.cy/epps/cft/prepareViewCfTWS.do?resourceId=4791049","Τμήμα Δασών","ΤΔ 48/2021 Ανέγερση αναψυκτηρίου και χώρων υγιεινής στο Εθνικό Δασικό Πάρκο «Παιδαγωγικής Ακαδημίας»","ΤΔ 48/2021 Ανέγερση αναψυκτηρίου και χώρων υγιεινής στο Εθνικό Δασικό Πάρκο «Παιδαγωγικής Ακαδημίας», που εντάσσεται στις κατηγορίες 45255400 – 3 και 45000000 – 7","2021-05-31T14:37:05","2021-06-15T10:00:00","Ανοικτή","Υποβολή Προσφοράς","Κάτω","https://www.eprocurement.gov.cy/epps/cft/downloadNoticeForAdvSearch.do?resourceId=4791049","400000"
"4790753","2021-06-01T12:26:56.180123","https://www.eprocurement.gov.cy/epps/cft/prepareViewCfTWS.do?resourceId=4790753","Δήμος Στροβόλου","ΔΙΑΓΩΝΙΣΜΟΣ ΑΡ 13/2021 ΓΙΑ ΤΗΝ ΠΑΡΟΧΗ ΣΥΜΠΛΗΡΩΜΑΤΙΚΗΣ ΙΑΤΡΟΦΑΡΜΑΚΕΥΤΙΚΗΣ ΠΕΡΙΘΑΛΨΗΣ","ΔΙΑΓΩΝΙΣΜΟΣ ΑΡ 13/2021 ΓΙΑ ΤΗΝ ΠΑΡΟΧΗ ΣΥΜΠΛΗΡΩΜΑΤΙΚΗΣ ΙΑΤΡΟΦΑΡΜΑΚΕΥΤΙΚΗΣ ΠΕΡΙΘΑΛΨΗΣ","2021-05-31T14:02:47","2021-07-09T12:00:00","Ανοικτή","Υποβολή Προσφοράς","Πάνω","https://www.eprocurement.gov.cy/epps/cft/downloadNoticeForAdvSearch.do?resourceId=4790753","600000"
"4789996","2021-06-01T12:26:56.180123","https://www.eprocurement.gov.cy/epps/cft/prepareViewCfTWS.do?resourceId=4789996","Πανεπιστήμιο Κύπρου","UCY-2021-028-ΥΠΥ - Προμήθεια Συστήματος Αποθηκευτικού Χώρου και Συστήματος Αντιγράφων Ασφαλείας","Προμήθεια Συστήματος Αποθηκευτικού Χώρου και Συστήματος Αντιγράφων Ασφαλείας","2021-05-31T13:18:15","2021-06-30T12:00:00","Ανοικτή","Υποβολή Προσφοράς","Πάνω","https://www.eprocurement.gov.cy/epps/cft/downloadNoticeForAdvSearch.do?resourceId=4789996","990000"
"4789845","2021-06-01T12:26:56.180123","https://www.eprocurement.gov.cy/epps/cft/prepareViewCfTWS.do?resourceId=4789845","ΚΟΙΝΟΤΙΚΟ ΣΥΜΒΟΥΛΙΟ ΠΥΡΓΩΝ","ΠΑΡΟΧΗ ΥΠΗΡΕΣΙΩΝ ΣΥΝΤΗΡΗΣΗΣ ΚΑΙ ΕΠΑΝΑΣΠΟΡΑΣ ΤΟΥ ΧΟΡΤΟΤΑΠΗΤΑ ΤΟΥ ΚΟΙΝΟΤΙΚΟΥ ΓΗΠΕΔΟΥ ΠΥΡΓΩΝ","Αντικείμενο της σύμβασης αποτελεί η Παροχή υπηρεσιών για τη συντήρηση και επανασπορά του χορτοτάπητα του Κοινοτικού Γηπέδου Πυργών","2021-05-31T12:49:36","2021-06-21T11:00:00","Ανοικτή","Υποβολή Προσφοράς","Κάτω","https://www.eprocurement.gov.cy/epps/cft/downloadNoticeForAdvSearch.do?resourceId=4789845","28000"
"4790146","2021-06-01T12:26:56.180123","https://www.eprocurement.gov.cy/epps/cft/prepareViewCfTWS.do?resourceId=4790146","Τμήμα Δημοσίων Έργων","ΠΡΟΜΗΘΕΙΑ, ΜΕΤΑΦΟΡΑ, ΠΑΡΑΔΟΣΗ ΚΑΙ ΕΚΦΟΡΤΩΣΗ ΕΤΟΙΜΟΥ ΣΚΥΡΟΔΕΜΑΤΟΣ ΣΕ ΔΙΑΦΟΡΑ ΕΡΓΟΤΑΞΙΑ ΣΤΗΝ ΠΕΡΙΟΧΗ 3 ΤΗΣ ΕΠΑΡΧΙΑΣ ΛΕΥΚΩΣΙΑΣ. ΑΡ. ΔΙΑΓΩΝΙΣΜΟΥ: Δ.Τ.Δ.Ε. (Ε.Μ.Λ/σίας) 23/2021","ΠΡΟΜΗΘΕΙΑ, ΜΕΤΑΦΟΡΑ, ΠΑΡΑΔΟΣΗ ΚΑΙ ΕΚΦΟΡΤΩΣΗ ΕΤΟΙΜΟΥ ΣΚΥΡΟΔΕΜΑΤΟΣ ΣΕ ΔΙΑΦΟΡΑ ΕΡΓΟΤΑΞΙΑ ΣΤΗΝ ΠΕΡΙΟΧΗ 3 ΤΗΣ ΕΠΑΡΧΙΑΣ ΛΕΥΚΩΣΙΑΣ, ΠΟΥ ΠΕΡΙΚΛΕΙΕΤΑΙ ΜΕΤΑΞΥ ΤΩΝ ΧΩΡΙΩΝ ΑΣΤΡΟΜΕΡΙΤΗ, ΑΓ. ΜΑΡΙΝΑΣ, ΚΑΝΝΑΒΙΩΝ, ΣΠΗΛΙΩΝ, ΚΑΡΒΟΥΝΑ, ΠΡΟΔΡΟΜΟΥ, ΚΥΚΚΟΥ ΚΑΙ ΚΑΜΠΟΥ.","2021-05-31T12:26:29","2021-06-18T11:00:00","Ανοικτή","Υποβολή Προσφοράς","Κάτω","https://www.eprocurement.gov.cy/epps/cft/downloadNoticeForAdvSearch.do?resourceId=4790146","139000"
"4789604","2021-06-01T12:26:56.180123","https://www.eprocurement.gov.cy/epps/cft/prepareViewCfTWS.do?resourceId=4789604","Υπουργείο Άμυνας","ΠΡΟΜΗΘΕΙΑ 30 ΛΕΩΦΟΡΕΙΩΝ 19 ΤΟΥΛΑΧΙΣΤΟΝ ΘΕΣΕΩΝ ΚΑΙ Η ΣΥΝΤΗΡΗΣΗ ΤΟΥΣ ΓΙΑ 5 ΧΡΟΝΙΑ Ή 250.000 ΧΛΜ","ΠΡΟΜΗΘΕΙΑ 30 ΛΕΩΦΟΡΕΙΩΝ 19 ΤΟΥΛΑΧΙΣΤΟΝ ΘΕΣΕΩΝ ΚΑΙ Η ΣΥΝΤΗΡΗΣΗ ΤΟΥΣ ΓΙΑ 5 ΧΡΟΝΙΑ Ή 250.000 ΧΛΜ (ΌΠΟΙΟ ΕΡΘΕΙ ΠΡΩΤΟ ΑΠΟ ΤΗΝ ΠΑΡΑΛΑΒΗ ΤΟΥΣ)","2021-05-31T10:46:03","2021-07-09T09:00:00","Ανοικτή","Υποβολή Προσφοράς","Πάνω","https://www.eprocurement.gov.cy/epps/cft/downloadNoticeForAdvSearch.do?resourceId=4789604","1800000"
"4789118","2021-06-01T12:26:56.180123","https://www.eprocurement.gov.cy/epps/cft/prepareViewCfTWS.do?resourceId=4789118","Χρηματιστήριο Αξιών Κύπρου","ΑΓΟΡΑ ΥΠΗΡΕΣΙΩΝ ΓΙΑ ΘΕΜΑΤΑ ΠΟΥ ΑΦΟΡΟΥΝ ΤΙΣ ΕΡΓΑΣΙΕΣ ΤΟΥ ΚΕΝΤΡΙΚΟΥ ΑΠΟΘΕΤΗΡΙΟΥ – ΜΗΤΡΩΟΥ ΤΟΥ ΧΑΚ, ΠΕΡΙΛ. ΤΗΣ ΕΚΚΑΘΑΡΙΣΗΣ / ΔΙΑΚΑΝΟΝΙΣΜΟΥ ΚΑΙ ΚΕΦΑΛΑΙΟΥ ΕΚΚΑΘΑΡΙΣΗΣ / ΚΑΛΥΨΗΣ ΤΩΝ ΣΥΝΑΛΛΑΓΩΝ","Αγορά υπηρεσιών σε θέματα που αφορούν τις εργασίες του Κεντρικού Αποθετηρίου – Μητρώου του ΧΑΚ, περιλ. της εκκαθάρισης / διακανονισμού και Κεφαλαίου Εκκαθάρισης / κάλυψης των συναλλαγών","2021-05-31T10:22:52","2021-07-02T12:00:00","Ανοικτή","Υποβολή Προσφοράς","Κάτω","https://www.eprocurement.gov.cy/epps/cft/downloadNoticeForAdvSearch.do?resourceId=4789118","300000"
"4789079","2021-06-01T12:26:56.180123","https://www.eprocurement.gov.cy/epps/cft/prepareViewCfTWS.do?resourceId=4789079","Δήμος Στροβόλου","ΔΙΑΓΩΝΙΣΜΟΣ ΑΡ 12/2021 ΓΙΑ ΤΗΝ ΕΠΙΔΙΟΡΘΩΣΗ/ΚΑΤΑΣΚΕΥΗ ΠΕΖΟΔΡΟΜΙΩΝ","ΔΙΑΓΩΝΙΣΜΟΣ ΑΡ 12/2021 ΓΙΑ ΤΗΝ ΕΠΙΔΙΟΡΘΩΣΗ/ΚΑΤΑΣΚΕΥΗ ΠΕΖΟΔΡΟΜΙΩΝ","2021-05-31T09:32:00","2021-06-18T12:00:00","Ανοικτή","Υποβολή Προσφοράς","Κάτω","https://www.eprocurement.gov.cy/epps/cft/downloadNoticeForAdvSearch.do?resourceId=4789079","210000"
"4789193","2021-06-01T12:26:56.180123","https://www.eprocurement.gov.cy/epps/cft/prepareViewCfTWS.do?resourceId=4789193","Τμήμα Δημοσίων Έργων","Δ.Τ.Δ.Ε. (Ε.Μ. Λ/ΣΟΥ) 32/2021 ΕΝΟΙΚΙΑΣΗ ΒΥΤΙΟΦΟΡΟΥ ΜΕΤΑΦΟΡΑΣ ΝΕΡΟΥ (WATER TANKER) ΜΕ ΤΟΝ ΜΗΧΑΝΟΔΗΓΟ ΓΙΑ ΕΡΓΑΣΙΑ ΣΤΗΝ ΕΠΑΡΧΙΑ ΛΕΜΕΣΟΥ","ΕΝΟΙΚΙΑΣΗ ΒΥΤΙΟΦΟΡΟΥ ΜΕΤΑΦΟΡΑΣ ΝΕΡΟΥ (WATER TANKER) ΜΕ ΤΟΝ ΜΗΧΑΝΟΔΗΓΟ ΓΙΑ ΕΡΓΑΣΙΑ ΣΤΗΝ ΕΠΑΡΧΙΑ ΛΕΜΕΣΟΥ","2021-05-31T09:14:18","2021-06-14T11:00:00","Ανοικτή","Υποβολή Προσφοράς","Κάτω","https://www.eprocurement.gov.cy/epps/cft/downloadNoticeForAdvSearch.do?resourceId=4789193","22"
"4788752","2021-06-01T12:26:56.180123","https://www.eprocurement.gov.cy/epps/cft/prepareViewCfTWS.do?resourceId=4788752","ΚΟΙΝΟΤΙΚΟ ΣΥΜΒΟΥΛΙΟ ΜΑΝΔΡΙΩΝ","Προσφορά Κ.Σ.ΜΑΝ.01-2021 για την Δημιουργία Θεματικού Μονοπατιού στο Χωριό Μανδριά της Επαρχίας Λεμεσού","Προσφορά για την Δημιουργία Θεματικού Μονοπατιού στο Χωριό Μανδριά της Επαρχίας Λεμεσού","2021-05-29T05:43:27","2021-06-16T09:00:00","Ανοικτή","Υποβολή Προσφοράς","Κάτω","https://www.eprocurement.gov.cy/epps/cft/downloadNoticeForAdvSearch.do?resourceId=4788752","62120"
"4787956","2021-06-01T12:26:56.180123","https://www.eprocurement.gov.cy/epps/cft/prepareViewCfTWS.do?resourceId=4787956","Υπηρεσίες Κοινωνικής Ευημερίας","Συμφωνία Πλαίσιο για τη Δημιουργία Καταλόγου για την Αγορά Υπηρεσιών από Συνοδούς- Μέντορες για παιδιά και συνοδούς για άτομα με αναπηρίες, στο πλαίσιο του Έργου 'Αναδιάρθρωση των ΥΚΕ'","Συμφωνία Πλαίσιο για τη Δημιουργία Καταλόγου για την Αγορά Υπηρεσιών από Συνοδούς - Μέντορες για παιδιά και συνοδούς για άτομα με αναπηρίες που εντάσσεται στην κατηγορία CPV 85312300 και υλοποιείται στο πλαίσιο του Έργου «Αναδιάρθρωση των Υπηρεσιών Κοινωνικής Ευημερίας», το οποίο συγχρηματοδοτείται από το Ευρωπαϊκό Κοινωνικό Ταμείο.","2021-05-28T14:53:08","2021-06-29T12:00:00","Ανοικτή","Υποβολή Προσφοράς","Πάνω","https://www.eprocurement.gov.cy/epps/cft/downloadNoticeForAdvSearch.do?resourceId=4787956","2500000"
"4788404","2021-06-01T12:26:56.180123","https://www.eprocurement.gov.cy/epps/cft/prepareViewCfTWS.do?resourceId=4788404","Δήμος Αγίας Νάπας","Προμήθεια πλωτών εξεδρών από προκατασκευασμένα στοιχεία κυβικής μορφής με υλικό κατασκευής το πλαστικό για χρήση στα πλαίσια λειτουργίας του Υποβρύχιου Μουσείου Γλυπτικής Αγίας Νάπας","Ο διαγωνισμός αφορά την προμήθεια πλωτών εξεδρών από προκατασκευασμένα στοιχεία κυβικής μορφής με υλικό κατασκευής το πλαστικό για χρήση στα πλαίσια λειτουργίας του Υποβρύχιου Μουσείου Γλυπτικής Αγίας Νάπας","2021-05-28T14:16:28","2021-06-18T11:00:00","Ανοικτή","Υποβολή Προσφοράς","Κάτω","https://www.eprocurement.gov.cy/epps/cft/downloadNoticeForAdvSearch.do?resourceId=4788404","60000"
"4788161","2021-06-01T12:26:56.180123","https://www.eprocurement.gov.cy/epps/cft/prepareViewCfTWS.do?resourceId=4788161","ΕΠΑΡΧΙΑΚΗ ΔΙΟΙΚΗΣΗ ΠΑΦΟΥ","ΠΡΟΣΦΟΡΑ ΓΙΑ ΤΗΝ ΕΚΤΕΛΕΣΗ ΤΟΥ ΕΡΓΟΥ: ΜΕΤΑΤΡΟΠΗ ΚΤΙΡΙΟΥ ΤΗΣ ΠΡΩΗΝ Σ.Π.Ε ΣΕ ΚΕΝΤΡΟ ΗΛΙΚΙΩΜΕΝΩΝ ΣΤΗΝ ΚΟΙΝΟΤΗΤΑ ΓΑΛΑΤΑΡΙΑ ΤΗΣ ΕΠΑΡΧΙΑΣ ΠΑΦΟΥ –ΤΣ22/2021","Από το Γραφείο της Επάρχου Πάφου, ζητούνται προσφορές για την εκτέλεση του έργου: Μετατροπή Κτιρίου της πρώην Σ.Π.Ε σε Κέντρο Ηλικιωμένων στην Κοινότητα Γαλαταριά της Επαρχίας Πάφου. Αρ.Πρ. Ε.Δ. ΠΑΦ. ΤΣ22/2021. Η Κατηγορία και τάξη του Έργου είναι Οικοδομικό Δ′ Τάξης. Οι προσφορές θα υποβάλλονται ηλεκτρονικά (όχι σε φάκελο), μέσω του eProcurement στην ιστοσελίδα www.eprocurement.gov.cy μέχρι την Παρασκευή 25 Ιουνίου 2021 και ώρα 09:00 π.μ. Από την ίδια ιστοσελίδα μπορούν να εξασφαλιστούν ΔΩΡΕΑΝ πλήρη σειρά των Εγγράφων στην οποία περιέχονται όλες οι πληροφορίες του διαγωνισμού. Για τυχόν τεχνική υποστήριξη τηλ.22605050. Για περισσότερες πληροφορίες οι ενδιαφερόμενοι μπορούν να απευθύνονται στα Γραφεία της Επαρχιακής Διοίκησης Πάφου, Τεχνικές Υπηρεσίες τηλ. 26801137, 26801188, 26801156 26801207, 26801205, 26801159, Φαξ:26801172","2021-05-28T13:58:08","2021-06-25T09:00:00","Ανοικτή","Υποβολή Προσφοράς","Κάτω","https://www.eprocurement.gov.cy/epps/cft/downloadNoticeForAdvSearch.do?resourceId=4788161","101597"
"4729572","2021-06-01T12:26:56.180123","https://www.eprocurement.gov.cy/epps/cft/prepareViewCfTWS.do?resourceId=4729572","Υπουργείο Παιδείας Πολιτισμού Αθλητισμού και Νεολαίας","Αγορά Υπηρεσιών Αξιολόγησης Δομών και Προγραμμάτων της Δημόσιας Σχολής Ανώτερης Επαγγελματικής Εκπαίδευσης και Κατάρτισης ΜΙΕΕΚ","Σκοπός της αξιολόγησης αυτής θα πρέπει να είναι ανάμεσα σε άλλα, η διερεύνηση της συμβολής των ΜΙΕΕΚ στην απασχολησιμότητα των αποφοίτων της και η σύνδεσή της με την αγορά εργασίας, η διερεύνηση του βαθμού επίτευξης του στόχου των ΜΙΕΕΚ, ο οποίος είναι η προσφορά ευκαιριών στους πολίτες της Κύπρου και ιδιαίτερα στους/τις νέους/ες, για απόκτηση, βελτίωση ή αναβάθμιση των επαγγελματικών τους προσόντων και δεξιοτήτων, ώστε να καταστούν ικανότεροι/ες για απασχόληση και συμμετοχή στην αγορά εργασίας. Επίσης, οποία παρέχουν επιστημονικές, τεχνικές και επαγγελματικές γνώσεις και δεξιότητες, και ταυτόχρονα χαρακτηρίζονται από ευελιξία και προσαρμοστικότητα στις ραγδαία επιτελούμενες αλλαγές στην απασχόληση, στην οικονομία, στα επαγγέλματα και στο περιεχόμενο των επαγγελμάτων. Επιπλέον, επιμέρους στόχος της Αξιολόγησης θα είναι η ανάλυση των στοιχείων, τα οποία σχετίζονται με τη συμβατότητα της θέσης εργασίας των αποφοίτων, με το θεματικό αντικείμενο, το οποίο είχαν παρακολουθήσει.","2021-05-28T13:44:49","2021-06-30T13:00:00","Ανοικτή","Υποβολή Προσφοράς","Κάτω","https://www.eprocurement.gov.cy/epps/cft/downloadNoticeForAdvSearch.do?resourceId=4729572","50000"
"4788100","2021-06-01T12:26:56.180123","https://www.eprocurement.gov.cy/epps/cft/prepareViewCfTWS.do?resourceId=4788100","Δήμος Στροβόλου","ΔΙΑΓΩΝΙΣΜΟΣ ΑΡ 11/2021 ΓΙΑ ΤΗΝ ΠΡΟΜΗΘΕΙΑ ΑΣΦΑΛΤΙΚΟΥ ΣΚΥΡΟΔΕΜΑΤΟΣ (ΠΡΕΜΙΞ)","ΔΙΑΓΩΝΙΣΜΟΣ ΑΡ 11/2021 ΓΙΑ ΤΗΝ ΠΡΟΜΗΘΕΙΑ ΑΣΦΑΛΤΙΚΟΥ ΣΚΥΡΟΔΕΜΑΤΟΣ (ΠΡΕΜΙΞ)","2021-05-28T13:33:59","2021-06-11T12:00:00","Ανοικτή","Υποβολή Προσφοράς","Κάτω","https://www.eprocurement.gov.cy/epps/cft/downloadNoticeForAdvSearch.do?resourceId=4788100","60000"
"4784425","2021-06-01T12:26:56.180123","https://www.eprocurement.gov.cy/epps/cft/prepareViewCfTWS.do?resourceId=4784425","Υπουργείο Άμυνας","ΤΥ 427/2020 – ΠΡΟΜΗΘΕΙΑ ΚΑΙ ΕΓΚΑΤΑΣΤΑΣΗ ΠΡΟΚΑΤΑΣΚΕΥΑΣΜΕΝΩΝ ΚΤΙΡΙΩΝ ΣΤΗΝ ΕΘΝΙΚΗ ΦΡΟΥΡΑ ΦΑΣΗ Γ","Προμήθεια και εγκατάσταση προκατασκευασμένων κτιρίων στην εθνική φρουρά - Φάση Γ","2021-05-28T13:27:34","2021-06-25T09:00:00","Ανοικτή","Υποβολή Προσφοράς","Κάτω","https://www.eprocurement.gov.cy/epps/cft/downloadNoticeForAdvSearch.do?resourceId=4784425","700000"
"4785059","2021-06-01T12:26:56.180123","https://www.eprocurement.gov.cy/epps/cft/prepareViewCfTWS.do?resourceId=4785059","Υπουργείο Άμυνας","ΤΥ 369/2015 ΚΑΤΑΣΚΕΥΗ 11 ΑΠΟΘΗΚΩΝ ΠΥΡΟΜΑΧΙΚΩΝ ΣΕ ΔΙΑΦΟΡΑ ΣΤΡΑΤΟΠΕΔΑ ΤΗΣ ΕΘΝΙΚΗΣ ΦΡΟΥΡΑΣ – ΦΑΣΗ Β","ΚΑΤΑΣΚΕΥΗ ΑΠΟΘΗΚΩΝ ΠΥΡΟΜΑΧΙΚΩΝ ΣΕ ΔΙΑΦΟΡΑ ΣΤΡΑΤΟΠΕΔΑ ΤΗΣ ΕΘΝΙΚΗΣ ΦΡΟΥΡΑΣ – (ΦΑΣΗ Β 5 ΑΠΟΘΗΚΕΣ)","2021-05-28T13:23:37","2021-06-18T09:00:00","Ανοικτή","Υποβολή Προσφοράς","Κάτω","https://www.eprocurement.gov.cy/epps/cft/downloadNoticeForAdvSearch.do?resourceId=4785059","789000"
"4787561","2021-06-01T12:26:56.180123","https://www.eprocurement.gov.cy/epps/cft/prepareViewCfTWS.do?resourceId=4787561","Τμήμα Υπηρεσιών Πληροφορικής","ΤΥΠ2021/018/Α/Β - ΑΝΟΙΚΤΟΣ ΔΙΑΓΩΝΙΣΜΟΣ ΓΙΑ ΤΗΝ ΠΡΟΜΗΘΕΙΑ, ΕΓΚΑΤΑΣΤΑΣΗ ΚΑΙ ΣΥΝΤΗΡΗΣΗ ΜΗΧΑΝΟΓΡΑΦΙΚΟΥ ΕΞΟΠΛΙΣΜΟΥ ΓΙΑ ΤΟ ΤΜΗΜΑ ΑΡΧΕΙΟΥ ΠΛΗΘΥΣΜΟΥ ΚΑΙ ΜΕΤΑΝΑΣΤΕΥΣΗΣ","ΠΡΟΜΗΘΕΙΑ, ΕΓΚΑΤΑΣΤΑΣΗ ΚΑΙ ΣΥΝΤΗΡΗΣΗ ΜΗΧΑΝΟΓΡΑΦΙΚΟΥ ΕΞΟΠΛΙΣΜΟΥ ΓΙΑ ΤΟ ΤΜΗΜΑ ΑΡΧΕΙΟΥ ΠΛΗΘΥΣΜΟΥ ΚΑΙ ΜΕΤΑΝΑΣΤΕΥΣΗΣ","2021-05-28T13:20:19","2021-06-18T13:00:00","Ανοικτή","Υποβολή Προσφοράς","Κάτω","https://www.eprocurement.gov.cy/epps/cft/downloadNoticeForAdvSearch.do?resourceId=4787561","49500"
"4740440","2021-06-01T12:26:56.180123","https://www.eprocurement.gov.cy/epps/cft/prepareViewCfTWS.do?resourceId=4740440","Δήμος Λευκωσίας","ΑΡ. ΔΙΑΓΩΝΙΣΜΟΥ 47/2021 ΚΑΤΑΛΛΗΛΗ ΚΑΤΑΣΚΕΥΗ ΔΙΑΦΟΡΩΝ ΟΔΩΝ ΣΤΗ ΛΕΥΚΩΣΙΑ ΣΥΜΒΟΛΑΙΟ 22 (ΛΥΚΑΒΗΤΤΟΣ)","ΚΑΤΑΛΛΗΛΗ ΚΑΤΑΣΚΕΥΗ ΔΙΑΦΟΡΩΝ ΟΔΩΝ ΣΤΗ ΛΕΥΚΩΣΙΑ - ΣΥΜΒΟΛΑΙΟ 22 (ΛΥΚΑΒΗΤΤΟΣ)","2021-05-28T13:13:32","2021-06-30T12:00:00","Ανοικτή","Υποβολή Προσφοράς","Κάτω","https://www.eprocurement.gov.cy/epps/cft/downloadNoticeForAdvSearch.do?resourceId=4740440","2060000"
"4787837","2021-06-01T12:26:56.180123","https://www.eprocurement.gov.cy/epps/cft/prepareViewCfTWS.do?resourceId=4787837","Τμήμα Ηλεκτρομηχανολογικών Υπηρεσιών","Παροχή Υπηρεσιών Καθαρισμού και επιθεώρησης Μεταλλοδεξαμενών Εθνικής Φρουράς","Η Παροχή Υπηρεσιών Καθαρισμού και επιθεώρησης Μεταλλοδεξαμενών Εθνικής Φρουράς, στην Τριμίκλινη, στο Καλό Χωριό Κλήρου και στην Παραμύθα.","2021-05-28T13:02:22","2021-07-02T09:00:00","Ανοικτή","Υποβολή Προσφοράς","Πάνω","https://www.eprocurement.gov.cy/epps/cft/downloadNoticeForAdvSearch.do?resourceId=4787837","174000"
"4787638","2021-06-01T12:26:56.180123","https://www.eprocurement.gov.cy/epps/cft/prepareViewCfTWS.do?resourceId=4787638","Τμήμα Υπηρεσιών Πληροφορικής","ΤΥΠ2021/019/Α/Β - ΑΝΟΙΚΤΟΣ ΔΙΑΓΩΝΙΣΜΟΣ ΓΙΑ ΤΗΝ ΠΡΟΜΗΘΕΙΑ ΛΟΓΙΣΜΙΚOΥ SQL SERVER ΓΙΑ ΤΙΣ ΑΝΑΓΚΕΣ ΤΟΥ ΤΜΗΜΑΤΟΣ ΑΡΧΕΙΟΥ ΠΛΗΘΥΣΜΟΥ ΚΑΙ ΜΕΤΑΝΑΣΤΕΥΣΗΣ","ΠΡΟΜΗΘΕΙΑ ΛΟΓΙΣΜΙΚOΥ SQL SERVER ΓΙΑ ΤΙΣ ΑΝΑΓΚΕΣ ΤΟΥ ΤΜΗΜΑΤΟΣ ΑΡΧΕΙΟΥ ΠΛΗΘΥΣΜΟΥ ΚΑΙ ΜΕΤΑΝΑΣΤΕΥΣΗΣ","2021-05-28T12:57:42","2021-06-14T13:00:00","Ανοικτή","Υποβολή Προσφοράς","Κάτω","https://www.eprocurement.gov.cy/epps/cft/downloadNoticeForAdvSearch.do?resourceId=4787638","43770"
"4787017","2021-06-01T12:26:56.180123","https://www.eprocurement.gov.cy/epps/cft/prepareViewCfTWS.do?resourceId=4787017","Κυπριακός Οργανισμός Αθλητισμού","Παραχώρηση Άδειας Χρήσης, Λειτουργίας και Εκμετάλλευσης του Εντευκτηρίου του “Ιστιοπλοϊκού Κέντρου” που βρίσκεται στη Λεμεσό","Προσφορά για την Παραχώρηση Άδειας Χρήσης, Λειτουργίας και Εκμετάλλευσης του Εντευκτηρίου του “Ιστιοπλοϊκού Κέντρου” που βρίσκεται στη Λεμεσό για περίοδο πέντε (5) χρόνων, με δικαίωμα του Οργανισμού για ανανέωση της σύμβασης με τους ίδιους Όρους για ακόμα πέντε (5) χρόνια.","2021-05-28T12:16:47","2021-06-18T12:00:00","Ανοικτή","Υποβολή Προσφοράς","Κάτω","https://www.eprocurement.gov.cy/epps/cft/downloadNoticeForAdvSearch.do?resourceId=4787017","120000"
"4786888","2021-06-01T12:26:56.180123","https://www.eprocurement.gov.cy/epps/cft/prepareViewCfTWS.do?resourceId=4786888","Τμήμα Δημοσίων Έργων","Κατασκευή υπερυψωμένων πλατό και κυρτωμάτων οδοστρώματος σε δρόμους του Τ.Δ.Ε. στις Περιοχές 1, 2 και 3 της επαρχ. Λ/σίας, για τις ανάγκες του Γραφ. του Ε.Μ.Λ/σίας. Αρ.Διαγ.:Δ.Τ.Δ.Ε.(Ε.Μ.Λ/σίας)6/2021","Κατασκευή υπερυψωμένων πλατό και κυρτωμάτων οδοστρώματος σε δρόμους του Τμήματος Δημοσίων Έργων στις Περιοχές 1, 2 και 3 της επαρχίας Λευκωσίας, για τις ανάγκες του Γραφείου του Επαρχιακού Μηχανικού Λευκωσίας. ΑΡ. ΔΙΑΓΩΝΙΣΜΟΥ: Δ.Τ.Δ.Ε.(Ε.Μ.Λ/σίας) 6/2021","2021-05-28T12:15:31","2021-06-18T11:00:00","Ανοικτή","Υποβολή Προσφοράς","Κάτω","https://www.eprocurement.gov.cy/epps/cft/downloadNoticeForAdvSearch.do?resourceId=4786888","75000"
"4787358","2021-06-01T12:26:56.180123","https://www.eprocurement.gov.cy/epps/cft/prepareViewCfTWS.do?resourceId=4787358","Τεχνολογικό Πανεπιστήμιο Κύπρου","Διαγωνισμός αρ. KT(1)/004/2021 για την Προμήθεια Οπτικοακουστικού Εξοπλισμού","Προμήθεια Οπτικοακουστικού Εξοπλισμού","2021-05-28T12:11:01","2021-06-14T12:30:00","Ανοικτή","Υποβολή Προσφοράς","Κάτω","https://www.eprocurement.gov.cy/epps/cft/downloadNoticeForAdvSearch.do?resourceId=4787358","26764"
"4786949","2021-06-01T12:26:56.180123","https://www.eprocurement.gov.cy/epps/cft/prepareViewCfTWS.do?resourceId=4786949","Δήμος Λακατάμιας","ΑΝΑΚΑΤΑΣΚΕΥΗ ΤΟΥ ΠΑΡΚΟΥ ΑΧΑΙΩΝ ΣΤΟΝ ΑΡΧΑΓΓΕΛΟ","ΑΝΑΚΑΤΑΣΚΕΥΗ ΤΟΥ ΠΑΡΚΟΥ ΑΧΑΙΩΝ ΣΤΟΝ ΑΡΧΑΓΓΕΛΟ","2021-05-28T11:58:48","2021-06-18T12:00:00","Ανοικτή","Υποβολή Προσφοράς","Κάτω","https://www.eprocurement.gov.cy/epps/cft/downloadNoticeForAdvSearch.do?resourceId=4786949","70000"
"4783605","2021-06-01T12:26:56.180123","https://www.eprocurement.gov.cy/epps/cft/prepareViewCfTWS.do?resourceId=4783605","Υπουργείο Παιδείας Πολιτισμού Αθλητισμού και Νεολαίας","Αγορά Υπηρεσιών για Ανάπτυξη Λογισμικού Διαχείρισης ΜΙΕΕΚ για το Συγ/νο Έργο «Βελτίωση της Ποιότητας, της Ελκυστικότητας και της Αποτελεσματικότητας της Επαγγελματικής Εκ/ης και Κατάρτισης της Κύπρου","Αντικείμενο της Σύμβασης αποτελεί η αγορά υπηρεσιών για ανάπτυξη λογισμικού διαχείρισης πληροφοριών στη Δημόσια Σχολή Ανώτερης Επαγγελματικής Εκπαίδευσης και Κατάρτισης ΜΙΕΕΚ. Με κεντρικό συντονισμό από τα γραφεία του Υπουργείου Παιδείας, τα ΜΙΕΕΚ λειτουργούν Παγκύπρια σε τέσσερα Παραρτήματα ένα στη Λευκωσία, ένα στη Λεμεσό, ένα στη Λάρνακα και ένα στην Πάφο. Οι πληροφορίες που θα υπάρχουν στο σύστημα τυγχάνουν διαχείρισης τόσο κεντρικά όσο και τοπικά σε κάθε Παράρτημα. Οι στόχοι αναφέρονται στο Μέρος Α στην Περιγραφή του Αντικειμένου της Σύμβασης Ε/Α: €60.000,00 μη συμπεριλαμβανομένου του ΦΠΑ Το έργο συγχρηματοδοτείται από το Ευρωπαϊκό Κοινωνικό Ταμείο της ΕΕ κατά 85 τις εκατό και από εθνικούς πόρους κατά 15 τις εκατό","2021-05-28T11:40:13","2021-06-30T13:00:00","Ανοικτή","Υποβολή Προσφοράς","Κάτω","https://www.eprocurement.gov.cy/epps/cft/downloadNoticeForAdvSearch.do?resourceId=4783605","60000"
"4786854","2021-06-01T12:26:56.180123","https://www.eprocurement.gov.cy/epps/cft/prepareViewCfTWS.do?resourceId=4786854","Κοινοτικό Συμβούλιο Παρεκκλησιάς","Ανακατασκευή τμήματος δρόμου στην Κοινότητα Παρεκκλησιάς στην Επαρχία Λεμεσού","Ανακατασκευή τμήματος δρόμου στην Κοινότητα Παρεκκλησιάς στην Επαρχία Λεμεσού","2021-05-28T11:27:43","2021-06-18T09:00:00","Ανοικτή","Υποβολή Προσφοράς","Κάτω","https://www.eprocurement.gov.cy/epps/cft/downloadNoticeForAdvSearch.do?resourceId=4786854","60000"
"4783049","2021-06-01T12:26:56.180123","https://www.eprocurement.gov.cy/epps/cft/prepareViewCfTWS.do?resourceId=4783049","Αρχή Λιμένων Κύπρου","Διαγωνισμός Αρ. 14/2021 - Εκτέλεση Έργων Συντήρησης (οικοδομικών, υδραυλικών και υποθαλάσσιων εργασιών), Επειγόντων και Μικρών Έργων","Εκτέλεση Έργων Συντήρησης (οικοδομικών, υδραυλικών και υποθαλάσσιων εργασιών), Επειγόντων και Μικρών Έργων, στα λιμάνια Λεμεσού, Λάρνακας, Πάφου και Λατσιού, Λιμενική περιοχή Ζυγίου και στους φάρους Κάβο Γκρέκο, Κιτίου, Κάβο Γάτα, Πάφου και Αρναούτη, όπως περιγράφεται αναλυτικά στα έγγραφα του διαγωνισμού.","2021-05-28T11:14:27","2021-06-25T12:00:00","Ανοικτή","Υποβολή Προσφοράς","Κάτω","https://www.eprocurement.gov.cy/epps/cft/downloadNoticeForAdvSearch.do?resourceId=4783049","330000"
"4786568","2021-06-01T12:26:56.180123","https://www.eprocurement.gov.cy/epps/cft/prepareViewCfTWS.do?resourceId=4786568","Οργανισμός Κρατικών Υπηρεσιών Υγείας","Διαγωνισμός για την Προμήθεια Φλεβοπροβολέων με τροχήλατο για τις ανάγκες των Νοσηλευτηρίων του Ο.Κ.Υπ.Υ.","Διαγωνισμός για την Προμήθεια Φλεβοπροβολέων με τροχήλατο για τις ανάγκες των Νοσηλευτηρίων του Ο.Κ.Υπ.Υ. Γ.Τ.118/21","2021-05-28T10:37:47","2021-06-18T10:00:00","Ανοικτή","Υποβολή Προσφοράς","Κάτω","https://www.eprocurement.gov.cy/epps/cft/downloadNoticeForAdvSearch.do?resourceId=4786568","200000"
"4786432","2021-06-01T12:26:56.180123","https://www.eprocurement.gov.cy/epps/cft/prepareViewCfTWS.do?resourceId=4786432","Τμήμα Δημοσίων Έργων","Προμήθεια και τοποθέτηση της Κινητής Επίπλωσης στην Πνευμονολογική – Φυματιολογική Κλινική Κυπερούντας Α/4/2021(Π))","Προμήθεια και τοποθέτηση της Κινητής Επίπλωσης στην Πνευμονολογική – Φυματιολογική Κλινική Κυπερούντας Η προμήθεια εντάσσεται στην κατηγορία 39000000-2, 39110000-6, 39122000-3, 39153000-9, 39150000-8, κατά CPV","2021-05-28T10:13:57","2021-06-25T11:00:00","Ανοικτή","Υποβολή Προσφοράς","Κάτω","https://www.eprocurement.gov.cy/epps/cft/downloadNoticeForAdvSearch.do?resourceId=4786432","28000"
"4785902","2021-06-01T12:26:56.180123","https://www.eprocurement.gov.cy/epps/cft/prepareViewCfTWS.do?resourceId=4785902","ΔΙΑΧΕΙΡΙΣΤΗΣ ΣΥΣΤΗΜΑΤΟΣ ΜΕΤΑΦΟΡΑΣ ΚΥΠΡΟΥ","Αγορά λειτουργικών συστημάτων, λογισμικών και αδειών χρήσης","Αντικείμενο της Σύμβασης αποτελεί η προμήθεια αδειών χρήσης λειτουργικών συστημάτων, λογισμικών και άλλων αδειών χρήσης.","2021-05-28T09:53:22","2021-06-30T11:45:00","Ανοικτή","Υποβολή Προσφοράς","Κάτω","https://www.eprocurement.gov.cy/epps/cft/downloadNoticeForAdvSearch.do?resourceId=4785902","54000"
"4786154","2021-06-01T12:26:56.180123","https://www.eprocurement.gov.cy/epps/cft/prepareViewCfTWS.do?resourceId=4786154","Τμήμα Δημοσίων Έργων","Κέντρο Ψυχικής Υγείας στη Λευκωσία (Α΄ Φάση) (Α/7/2021(Ε))","Κέντρο Ψυχικής Υγείας στη Λευκωσία (Α΄ Φάση), που εντάσσεται στις κατηγορίες 45000000, 71200000, 71300000, 71500000 κατά CPV","2021-05-28T09:51:47","2021-09-03T11:00:00","Ανοικτή","Υποβολή Προσφοράς","Πάνω","https://www.eprocurement.gov.cy/epps/cft/downloadNoticeForAdvSearch.do?resourceId=4786154","8700000"
"4782144","2021-06-01T12:26:56.180123","https://www.eprocurement.gov.cy/epps/cft/prepareViewCfTWS.do?resourceId=4782144","Ανώτατο Δικαστήριο - Δικαστική Υπηρεσία","Προμήθεια – Αγορά Νομικών Βιβλίων – Νομικών Σειρών για τη βιβλιοθήκη του Ανώτατου Δικαστηρίου και τις βιβλιοθήκες των Επαρχιακών Δικαστηρίων για το έτος 2021","Προμήθεια – Αγορά Νομικών Βιβλίων – Νομικών Σειρών για τη βιβλιοθήκη του Ανώτατου Δικαστηρίου και τις βιβλιοθήκες των Επαρχιακών Δικαστηρίων για το έτος 2021","2021-05-28T09:37:53","2021-06-18T09:00:00","Ανοικτή","Υποβολή Προσφοράς","Κάτω","https://www.eprocurement.gov.cy/epps/cft/downloadNoticeForAdvSearch.do?resourceId=4782144","76300"
"4716538","2021-06-01T12:26:56.180123","https://www.eprocurement.gov.cy/epps/cft/prepareViewCfTWS.do?resourceId=4716538","Δήμος Λευκωσίας","Αναβάθμιση Δημοτικού και Ολυμπιακού Κολυμβητηρίου Λευκωσίας","Ο σκοπός του συμβολαίου είναι η Αναβάθμιση των Κολυμβητικών Δεξαμενών, αντικατάσταση των Ηλεκτρομηχανολογικών εγκαταστάσεων, αναβάθμιση των εξωτερικών χώρων του Δημοτικού και Ολυμπιακού Κολυμβητηρίου Λευκωσίας, κατασκευή νέου στεγάστρου στις Βόρειες κερκίδες, κατασκευή Νέου κτιρίου το οποίο περιλαμβάνει αποδυτήρια/χώρους υγιεινής, γυμναστήριο, γραφεία, ιατρείο, doping control.","2021-05-28T09:02:30","2021-07-05T10:00:00","Ανοικτή","Υποβολή Προσφοράς","Πάνω","https://www.eprocurement.gov.cy/epps/cft/downloadNoticeForAdvSearch.do?resourceId=4716538","5100000"
"4785121","2021-06-01T12:26:56.180123","https://www.eprocurement.gov.cy/epps/cft/prepareViewCfTWS.do?resourceId=4785121","Υπουργείο Παιδείας Πολιτισμού Αθλητισμού και Νεολαίας","ΔΕ 37-21 Προμήθεια Διαφόρων Ειδών για τις Ανάγκες της Κατασκήνωσης Προδρόμου για το 2021","Προμήθεια διαφόρων ειδών για τις ανάγκες της Κατασκήνωσης. Για περισσότερες πληροφορούσες παρακαλώ διαβάστε τα έγραφα διαγωνισμού.","2021-05-27T15:05:37","2021-06-11T11:00:00","Ανοικτή","Υποβολή Προσφοράς","Κάτω","https://www.eprocurement.gov.cy/epps/cft/downloadNoticeForAdvSearch.do?resourceId=4785121","38000"
"4784641","2021-06-01T12:26:56.180123","https://www.eprocurement.gov.cy/epps/cft/prepareViewCfTWS.do?resourceId=4784641","Υπουργείο Παιδείας Πολιτισμού Αθλητισμού και Νεολαίας","ΔΕ 36-21 Παροχή Υπηρεσοών για τις Ανάγκες Κατασκήνωσης Προδρόμου για το 2021.","Παροχή Υπηρεσιών από μάγειρα, βοηθό μάγειρα και βοηθό κουζίνα / καθαρίστρια για την κάλυψη αναγκών της κατασκήνωσης. Για περισσότερες πληροφορούσες παρακαλώ διαβάστε τα έγραφα διαγωνισμού.","2021-05-27T13:58:04","2021-06-11T11:00:00","Ανοικτή","Υποβολή Προσφοράς","Κάτω","https://www.eprocurement.gov.cy/epps/cft/downloadNoticeForAdvSearch.do?resourceId=4784641","28500"
"4784244","2021-06-01T12:26:56.180123","https://www.eprocurement.gov.cy/epps/cft/prepareViewCfTWS.do?resourceId=4784244","Επαρχιακή Διοίκηση Αμμοχώστου","ΠΡΟΣΦΟΡΑ ΓΙΑ ΤΗΝ ΠΡΟΜΗΘΕΙΑ ΚΑΙ ΤΟΠΟΘΕΤΗΣΗ ΥΛΙΚΟΥ ΘΕΜΕΛΙΟΥ, ΣΥΝΔΕΤΙΚΗΣ ΚΑΙ ΕΠΙΦΑΝΕΙΑΚΗΣ ΣΤΡΩΣΗΣ ΑΣΦΑΛΤΙΚΟΥ ΣΚΥΡΟΔΕΜΑΤΟΣ ΚΑΙ ΟΡΙΖΟΝΤΙΑΣ ΣΗΜΑΝΣΗΣ ΣΕ ΔΙΑΦΟΡΟΥΣ ΔΡΟΜΟΥΣ ΤΗΣ ΕΛΕΥΘΕΡΗΣ ΕΠΑΡΧΙΑΣ ΑΜΜΟΧΩΣΤΟΥ","ΠΡΟΣΦΟΡΑ ΓΙΑ ΤΗΝ ΠΡΟΜΗΘΕΙΑ ΚΑΙ ΤΟΠΟΘΕΤΗΣΗ ΥΛΙΚΟΥ ΘΕΜΕΛΙΟΥ, ΣΥΝΔΕΤΙΚΗΣ ΚΑΙ ΕΠΙΦΑΝΕΙΑΚΗΣ ΣΤΡΩΣΗΣ ΑΣΦΑΛΤΙΚΟΥ ΣΚΥΡΟΔΕΜΑΤΟΣ ΚΑΙ ΟΡΙΖΟΝΤΙΑΣ ΣΗΜΑΝΣΗΣ ΣΕ ΔΙΑΦΟΡΟΥΣ ΔΡΟΜΟΥΣ ΤΗΣ ΕΛΕΥΘΕΡΗΣ ΕΠΑΡΧΙΑΣ ΑΜΜΟΧΩΣΤΟΥ","2021-05-27T12:36:04","2021-06-30T09:00:00","Ανοικτή","Υποβολή Προσφοράς","Κάτω","https://www.eprocurement.gov.cy/epps/cft/downloadNoticeForAdvSearch.do?resourceId=4784244","798545"
"4783758","2021-06-01T12:26:56.180123","https://www.eprocurement.gov.cy/epps/cft/prepareViewCfTWS.do?resourceId=4783758","Οργανισμός Νεολαίας Κύπρου","Διαγωνισμός Α/Α 13/2021 για την αγορά υπηρεσιών για την υλοποίηση του προγράμματος 'Young Cities'","Ο Οργανισμός Νεολαίας Κύπρου και η Εθνική Αρχή Στοιχημάτων διενεργούν διαγωνισμό για την Παροχή Υπηρεσιών για την υλοποίηση του προγράμματος 'Young Cities'.","2021-05-27T11:49:45","2021-06-10T12:00:00","Ανοικτή","Υποβολή Προσφοράς","Κάτω","https://www.eprocurement.gov.cy/epps/cft/downloadNoticeForAdvSearch.do?resourceId=4783758","60000"
"4783798","2021-06-01T12:26:56.180123","https://www.eprocurement.gov.cy/epps/cft/prepareViewCfTWS.do?resourceId=4783798","Υπουργείο Άμυνας","ΠΛΕΙΟΔΟΤΙΚΟΣ ΔΙΑΓΩΝΙΣΜΟΣ ΓΙΑ ΤΗΝ ΠΩΛΗΣΗ ΑΕΡΟΠΟΡΙΚΟΥ ΚΑΥΣΙΜΟΥ","ΠΛΕΙΟΔΟΤΙΚΟΣ ΔΙΑΓΩΝΙΣΜΟΣ ΓΙΑ ΤΗΝ ΠΩΛΗΣΗ ΑΕΡΟΠΟΡΙΚΟΥ ΚΑΥΣΙΜΟΥ AVGAS 100LL","2021-05-27T11:40:49","2021-06-10T12:00:00","Ανοικτή","Υποβολή Προσφοράς","Κάτω","https://www.eprocurement.gov.cy/epps/cft/downloadNoticeForAdvSearch.do?resourceId=4783798","7800"
"4781702","2021-06-01T12:26:56.180123","https://www.eprocurement.gov.cy/epps/cft/prepareViewCfTWS.do?resourceId=4781702","Συμβούλιο Αποχετεύσεων Λεμεσού - Αμαθούντας","Διαγωνισμός αρ. 7/2021 για την προμήθεια και συντήρηση για πέντε (5) χρόνια δεκατεσσάρων (14) οχημάτων για το Συμβούλιο Αποχετεύσεων Λεμεσού - Αμαθούντας","Αντικείμενο της Σύμβασης είναι η προμήθεια και η συντήρηση για περίοδο πέντε (5) ετών, δεκατεσσάρων (14) οχημάτων σύμφωνα με τους όρους και τις προϋποθέσεις που ορίζονται στα έγγραφα διαγωνισμού. Τα οχήματα και οι υπηρεσίες συντήρησης τους χωρίζονται σε έξι Τμήματα (κατηγορίες).","2021-05-27T08:56:46","2021-06-28T12:00:00","Ανοικτή","Υποβολή Προσφοράς","Πάνω","https://www.eprocurement.gov.cy/epps/cft/downloadNoticeForAdvSearch.do?resourceId=4781702","300000"
"4781853","2021-06-01T12:26:56.180123","https://www.eprocurement.gov.cy/epps/cft/prepareViewCfTWS.do?resourceId=4781853","Τμήμα Φορολογίας","Παροχή Υπηρεσιών Καθαριότητας στο κτίριο του Επαρχιακού Γραφείου Τμήματος Φορολογίας στη Λευκωσία","Παροχή Υπηρεσιών Καθαριότητας στο κτίριο του Επαρχιακού Γραφείου Τμήματος Φορολογίας στη Λευκωσία","2021-05-26T15:00:10","2021-06-07T12:00:00","Ανοικτή","Υποβολή Προσφοράς","Κάτω","https://www.eprocurement.gov.cy/epps/cft/downloadNoticeForAdvSearch.do?resourceId=4781853","60000"
"4782040","2021-06-01T12:26:56.180123","https://www.eprocurement.gov.cy/epps/cft/prepareViewCfTWS.do?resourceId=4782040","Τμήμα Δημοσίων Έργων","ΑΝΑΚΑΤΑΣΚΕΥΗ ΔΥΟ ΥΠΕΡΥΨΩΜΕΝΩΝ ΔΙΑΒΑΣΕΩΝ ΠΕΖΩΝ ΠΑΡΑ ΤΑ ΕΚΠΑΙΔΕΥΤΗΡΙΑ ΣΤΗΝ ΚΟΙΝΟΤΗΤΑ ΠΟΛΕΜΙ ΑΡ. ΔΙΑΓ.: 16/2021/Α.Δ./Ε.Μ.ΠΑΦΟΥ","ΑΝΑΚΑΤΑΣΚΕΥΗ ΔΥΟ ΥΠΕΡΥΨΩΜΕΝΩΝ ΔΙΑΒΑΣΕΩΝ ΠΕΖΩΝ ΠΑΡΑ ΤΑ ΕΚΠΑΙΔΕΥΤΗΡΙΑ ΣΤΗΝ ΚΟΙΝΟΤΗΤΑ ΠΟΛΕΜΙ ΑΡ. ΔΙΑΓ.: 16/2021/Α.Δ./Ε.Μ.ΠΑΦΟΥ","2021-05-26T14:13:57","2021-06-18T11:00:00","Ανοικτή","Υποβολή Προσφοράς","Κάτω","https://www.eprocurement.gov.cy/epps/cft/downloadNoticeForAdvSearch.do?resourceId=4782040","20000"
"4781933","2021-06-01T12:26:56.180123","https://www.eprocurement.gov.cy/epps/cft/prepareViewCfTWS.do?resourceId=4781933","Συμβούλιο Αποχετεύσεων Πάφου","Προσφορά για καθαρισμούς φρεατίων υδροσυλλογής και αγωγών αποχέτευσης ομβρίων υδάτων","Προσφορά για καθαρισμούς φρεατίων υδροσυλλογής και αγωγών αποχέτευσης ομβρίων υδάτων","2021-05-26T13:36:41","2021-06-21T12:30:00","Ανοικτή","Υποβολή Προσφοράς","Κάτω","https://www.eprocurement.gov.cy/epps/cft/downloadNoticeForAdvSearch.do?resourceId=4781933","84000"
"4781612","2021-06-01T12:26:56.180123","https://www.eprocurement.gov.cy/epps/cft/prepareViewCfTWS.do?resourceId=4781612","Υπουργείο Παιδείας Πολιτισμού Αθλητισμού και Νεολαίας","ΔΕ 34-21 Καθημερινή Μεταφορά Μαθητών/τριών Ειδικών Σχολείων/Μονάδων ΠΑΦΟΥ","Καθημερινή μεταφορά μαθητών/τριών Ειδικών Σχολείων/Μονάδων ΠΑΦΟΥ","2021-05-26T13:09:58","2021-06-30T11:00:00","Ανοικτή","Υποβολή Προσφοράς","Πάνω","https://www.eprocurement.gov.cy/epps/cft/downloadNoticeForAdvSearch.do?resourceId=4781612","86700"
"4781127","2021-06-01T12:26:56.180123","https://www.eprocurement.gov.cy/epps/cft/prepareViewCfTWS.do?resourceId=4781127","Ινστιτούτο Γεωργικών Ερευνών","Service provision for DNA microarray genotyping","The Government of the Republic of Cyprus, through the Head of the Department Agricultural Research Institute requests service provision tenders for DNA microarray genotyping of animal and/or plant samples.","2021-05-26T13:00:28","2021-06-16T11:00:00","Ανοικτή","Υποβολή Προσφοράς","Κάτω","https://www.eprocurement.gov.cy/epps/cft/downloadNoticeForAdvSearch.do?resourceId=4781127","135000"
"4781435","2021-06-01T12:26:56.180123","https://www.eprocurement.gov.cy/epps/cft/prepareViewCfTWS.do?resourceId=4781435","Οργανισμός Κρατικών Υπηρεσιών Υγείας","Διαγωνισμός για αγορά ολόσωμων στολών για προστασία από το νέο κορωνοϊό SARS-CoV-2 για τις ανάγκες του ΟΚΥπΥ Γ.Τ.57/21","Διαγωνισμός για αγορά ολόσωμων στολών για προστασία από το νέο κορωνοϊό SARS-CoV-2 για τις ανάγκες του ΟΚΥπΥ","2021-05-26T12:39:17","2021-06-11T10:00:00","Ανοικτή","Υποβολή Προσφοράς","Κάτω","https://www.eprocurement.gov.cy/epps/cft/downloadNoticeForAdvSearch.do?resourceId=4781435","210000"
"4779379","2021-06-01T12:26:56.180123","https://www.eprocurement.gov.cy/epps/cft/prepareViewCfTWS.do?resourceId=4779379","Υπουργείο Παιδείας Πολιτισμού Αθλητισμού και Νεολαίας","ΔΕ 33-21 Καθημερινή Μεταφορά Μαθητών/τριών Ειδικών Σχολείων/Μονάδων ΛΑΡΝΑΚΑΣ-ΑΜΜΟΧΩΣΤΟΥ","Καθημερινή μεταφορά μαθητών/τριών Ειδικών Σχολείων/Μονάδων ΛΑΡΝΑΚΑΣ-ΑΜΜΟΧΩΣΤΟΥ","2021-05-26T12:23:12","2021-06-30T11:00:00","Ανοικτή","Υποβολή Προσφοράς","Πάνω","https://www.eprocurement.gov.cy/epps/cft/downloadNoticeForAdvSearch.do?resourceId=4779379","252450"
"4779350","2021-06-01T12:26:56.180123","https://www.eprocurement.gov.cy/epps/cft/prepareViewCfTWS.do?resourceId=4779350","Υπουργείο Παιδείας Πολιτισμού Αθλητισμού και Νεολαίας","ΔΕ 32-21 Καθημερινή Μεταφορά Μαθητών/τριών Ειδικών Σχολείων/Μονάδων ΛΕΜΕΣΟΥ","Καθημερινή μεταφορά μαθητών/τριών Ειδικών Σχολείων/Μονάδων ΛΕΜΕΣΟΥ","2021-05-26T12:21:40","2021-06-30T11:00:00","Ανοικτή","Υποβολή Προσφοράς","Πάνω","https://www.eprocurement.gov.cy/epps/cft/downloadNoticeForAdvSearch.do?resourceId=4779350","221000"
"4778026","2021-06-01T12:26:56.180123","https://www.eprocurement.gov.cy/epps/cft/prepareViewCfTWS.do?resourceId=4778026","Δήμος Λάρνακας","Προμήθεια και εγκατάσταση ενός πλήρους συστήματος ελέγχου εισόδου-εξόδου για τις ανάγκες του Έργου «Δημοτική Αγορά και Δημοτικός Χώρος Στάθμευσης στην Λάρνακα» (36/2021)","Ο Δήμος Λάρνακαρ ζητά προσφορές για την προμήθεια και εγκατάσταση ενός πλήρους συστήματος ελέγχου εισόδου-εξόδου για τις ανάγκες του Έργου «Δημοτική Αγορά και Δημοτικός Χώρος Στάθμευσης στην Λάρνακα»","2021-05-26T12:09:18","2021-06-14T11:00:00","Ανοικτή","Υποβολή Προσφοράς","Κάτω","https://www.eprocurement.gov.cy/epps/cft/downloadNoticeForAdvSearch.do?resourceId=4778026","50000"
"4780735","2021-06-01T12:26:56.180123","https://www.eprocurement.gov.cy/epps/cft/prepareViewCfTWS.do?resourceId=4780735","Δήμος Πάφου","ΜΕΤΑΦΟΡΑ ΑΔΡΑΝΩΝ ΥΛΙΚΩΝ ΑΠΟ ΠΕΡΙΟΧΕΣ ΤΗΣ ΠΟΛΗΣ ΣΕ ΑΔΕΙΟΔΟΤΗΜΕΝΕΣ ΜΟΝΑΔΕΣ ΕΠΕΞΕΡΓΑΣΙΑΣ ΚΑΙ ΔΙΑΧΕΙΡΙΣΗΣ ΑΠΟΒΛΗΤΩΝ","ΜΕΤΑΦΟΡΑ ΑΔΡΑΝΩΝ ΥΛΙΚΩΝ ΑΠΟ ΠΕΡΙΟΧΕΣ ΤΗΣ ΠΟΛΗΣ ΣΕ ΑΔΕΙΟΔΟΤΗΜΕΝΕΣ ΜΟΝΑΔΕΣ ΕΠΕΞΕΡΓΑΣΙΑΣ ΚΑΙ ΔΙΑΧΕΙΡΙΣΗΣ ΑΠΟΒΛΗΤΩΝ","2021-05-26T11:52:20","2021-06-10T12:00:00","Ανοικτή","Υποβολή Προσφοράς","Κάτω","https://www.eprocurement.gov.cy/epps/cft/downloadNoticeForAdvSearch.do?resourceId=4780735","70000"
"4780839","2021-06-01T12:26:56.180123","https://www.eprocurement.gov.cy/epps/cft/prepareViewCfTWS.do?resourceId=4780839","Τμήμα Ηλεκτρομηχανολογικών Υπηρεσιών","Συντήρηση δύο κουβουκλίων διαχείρισης κυτταροστατικών φαρμάκων κατασκευής AMERCARE","Συντήρηση δύο κουβουκλίων διαχείρισης κυτταροστατικών φαρμάκων κατασκευής AMERCARE εγκατεστημένων στο Γ.Ν. Λευκωσίας και Γ.Ν. Λάρνακας","2021-05-26T11:47:41","2021-06-18T09:00:00","Ανοικτή","Υποβολή Προσφοράς","Κάτω","https://www.eprocurement.gov.cy/epps/cft/downloadNoticeForAdvSearch.do?resourceId=4780839","59000"
"4780785","2021-06-01T12:26:56.180123","https://www.eprocurement.gov.cy/epps/cft/prepareViewCfTWS.do?resourceId=4780785","Υπουργείο Υγείας","Διαγωνισμός για την αγορά Υπηρεσιών από ένα (1) Ιατρικό Λειτουργό για εκτέλεση καθηκόντων στο Ιατρείο των Κεντρικών Φυλακών","Διαγωνισμός για την αγορά Υπηρεσιών από ένα (1) Ιατρικό Λειτουργό για εκτέλεση καθηκόντων στο Ιατρείο των Κεντρικών Φυλακών Γ.Τ. 16/21","2021-05-26T11:40:32","2021-06-09T10:00:00","Ανοικτή","Υποβολή Προσφοράς","Κάτω","https://www.eprocurement.gov.cy/epps/cft/downloadNoticeForAdvSearch.do?resourceId=4780785","69300"
"4779321","2021-06-01T12:26:56.180123","https://www.eprocurement.gov.cy/epps/cft/prepareViewCfTWS.do?resourceId=4779321","Υπουργείο Παιδείας Πολιτισμού Αθλητισμού και Νεολαίας","ΔΕ 31-21 Καθημερινή Μεταφορά Μαθητών/τριών Σχολής Κωφών και Σχολής Τυφλών","Καθημερινή μεταφορά μαθητών/τριών Σχολής Κωφών και Σχολής Τυφλών","2021-05-26T11:34:12","2021-06-30T11:00:00","Ανοικτή","Υποβολή Προσφοράς","Πάνω","https://www.eprocurement.gov.cy/epps/cft/downloadNoticeForAdvSearch.do?resourceId=4779321","133750"
"4779278","2021-06-01T12:26:56.180123","https://www.eprocurement.gov.cy/epps/cft/prepareViewCfTWS.do?resourceId=4779278","Υπουργείο Παιδείας Πολιτισμού Αθλητισμού και Νεολαίας","ΔΕ 30-21 Καθημερινή Μεταφορά Μαθητών/τριών Ειδικών Σχολείων/Μονάδων ΛΕΥΚΩΣΙΑΣ","Καθημερινή μεταφορά μαθητών/τριών Ειδικών Σχολείων/Μονάδων ΛΕΥΚΩΣΙΑΣ","2021-05-26T10:39:34","2021-06-30T11:00:00","Ανοικτή","Υποβολή Προσφοράς","Πάνω","https://www.eprocurement.gov.cy/epps/cft/downloadNoticeForAdvSearch.do?resourceId=4779278","401200"
"4767955","2021-06-01T12:26:56.180123","https://www.eprocurement.gov.cy/epps/cft/prepareViewCfTWS.do?resourceId=4767955","Προεδρία Και Προεδρικό Μέγαρο","Ενοικίαση τεσσάρων (4) οχημάτων για τις ανάγκες της Προεδρίας για το Γραφείο του Ε/Κ Εκπροσώπου στη Διερευνητική Επιτροπή Αγνοουμένων","Ενοικίαση τεσσάρων (4) οχημάτων για τις ανάγκες της Προεδρίας για το Γραφείο του Ε/Κ Εκπροσώπου στη Διερευνητική Επιτροπή Αγνοουμένων","2021-05-26T10:39:18","2021-06-28T10:00:00","Ανοικτή","Υποβολή Προσφοράς","Κάτω","https://www.eprocurement.gov.cy/epps/cft/downloadNoticeForAdvSearch.do?resourceId=4767955","60000"
"4777987","2021-06-01T12:26:56.180123","https://www.eprocurement.gov.cy/epps/cft/prepareViewCfTWS.do?resourceId=4777987","Συμβούλιο Αποχετεύσεων Λεμεσού - Αμαθούντας","Διαγωνισμός αρ. 8/2021 για την παροχή υπηρεσιών Λειτουργού Πληροφορικής στο Συμβούλιο Αποχετεύσεων Λεμεσού - Αμαθούντας","Αντικείμενο της Σύμβασης είναι η παροχή υπηρεσιών Λειτουργού Πληροφορικής για διασφάλιση της καλής λειτουργίας των συστημάτων πληροφορικής και εξοπλισμού του Συμβουλίου καθώς και συμμετοχή στην προετοιμασία και εκτέλεση του έργου του Ψηφιακού Μετασχηματισμού του Συμβουλίου, για περίοδο 12 μηνών με πιθανή παράταση για πρόσθετες περιόδους μέχρι 17 μήνες.","2021-05-26T10:03:58","2021-06-28T12:00:00","Ανοικτή","Υποβολή Προσφοράς","Κάτω","https://www.eprocurement.gov.cy/epps/cft/downloadNoticeForAdvSearch.do?resourceId=4777987","87000"
"4780395","2021-06-01T12:26:56.180123","https://www.eprocurement.gov.cy/epps/cft/prepareViewCfTWS.do?resourceId=4780395","Τμήμα Δημοσίων Έργων","ΞΕΡΙΖΩΜΑ Ή/ΚΑΙ ΚΟΨΙΜΟ,ΜΑΖΕΜΑ ΚΑΙ ΑΠΟΜΑΚΡΥΝΣΗ ΧΟΡΤΩΝ ΚΑΘΩΣ ΚΑΙ ΤΟ ΜΑΖΕΜΑ ΚΑΙ ΑΠΟΜΑΚΡΥΝΣΗ ΑΧΡΗΣΤΩΝ ΑΝΤΙΚΕΙΜΕΝΩΝ ΣΤΗΝ ΚΕΝΤΡ. ΝΗΣΙΔΑ ΤΟΥ ΑΥΤ/ΜΟΥ Λ/ΣΙΑΣ–Λ/ΣΟΥ ΣΤΗΝ ΕΠΑΡΧΙΑ Λ/ΣΙΑΣ. Δ.Τ.Δ.Ε.(Ε.Μ.Λ/σίας)2021","ΠΑΡΟΧΗ ΥΠΗΡΕΣΙΩΝ ΓΙΑ ΞΕΡΙΖΩΜΑ ΄Η/ΚΑΙ ΚΟΨΙΜΟ, ΜΑΖΕΜΑ ΚΑΙ ΑΠΟΜΑΚΡΥΝΣΗ ΧΟΡΤΩΝ ΚΑΘΩΣ ΚΑΙ ΤΟ ΜΑΖΕΜΑ ΚΑΙ ΑΠΟΜΑΚΡΥΝΣΗ ΑΧΡΗΣΤΩΝ ΑΝΤΙΚΕΙΜΕΝΩΝ ΣΤΗΝ ΚΕΝΤΡΙΚΗ ΝΗΣΙΔΑ ΤΟΥ ΑΥΤΟΚΙΝΗΤΟΔΡΟΜΟΥ ΛΕΥΚΩΣΙΑΣ – ΛΕΜΕΣΟΥ ΣΤΗΝ ΕΠΑΡΧΙΑ ΛΕΥΚΩΣΙΑΣ","2021-05-26T09:56:44","2021-06-11T11:00:00","Ανοικτή","Υποβολή Προσφοράς","Κάτω","https://www.eprocurement.gov.cy/epps/cft/downloadNoticeForAdvSearch.do?resourceId=4780395","40000"
"4779890","2021-06-01T12:26:56.180123","https://www.eprocurement.gov.cy/epps/cft/prepareViewCfTWS.do?resourceId=4779890","ΚΟΙΝΟΤΙΚΟ ΣΥΜΒΟΥΛΙΟ ΠΑΛΑΙΧΩΡΙΟΥ ΜΟΡΦΟΥ","Αναβάθμιση περιτειχίσματος στην κοινότητα Παλαιχώρι Μόρφου","Αναβάθμιση περιτειχίσματος στην κοινότητα Παλαιχώρι Μόρφου","2021-05-26T08:05:08","2021-06-09T12:00:00","Ανοικτή","Υποβολή Προσφοράς","Κάτω","https://www.eprocurement.gov.cy/epps/cft/downloadNoticeForAdvSearch.do?resourceId=4779890","59000"
"4779715","2021-06-01T12:26:56.180123","https://www.eprocurement.gov.cy/epps/cft/prepareViewCfTWS.do?resourceId=4779715","Αρχή Ηλεκτρισμού Κύπρου","145/2021 Παροχή Υπηρεσιών Καθαριότητας στα Κεντρικά Γραφεία της Αρχής","Παροχή Υπηρεσιών Καθαριότητας στα Κεντρικά Γραφεία της Αρχής","2021-05-25T15:52:00","2021-06-23T23:45:00","Ανοικτή","Υποβολή Προσφοράς","Κάτω","https://www.eprocurement.gov.cy/epps/cft/downloadNoticeForAdvSearch.do?resourceId=4779715","91200"
"4778822","2021-06-01T12:26:56.180123","https://www.eprocurement.gov.cy/epps/cft/prepareViewCfTWS.do?resourceId=4778822","Υπουργείο Άμυνας","ΤΥ 421/2019 Διαγωνισμός για εγκατάσταση κλειστού κυκλώματος τηλεόρασης στον Τύμβο Μακεδονίτισσας","Διαγωνισμός για εγκατάσταση και συντήρηση κλειστού κυκλώματος τηλεόρασης στον Τύμβο Μακεδονίτισσας, που εντάσσεται στην κατηγορία 79710000-4","2021-05-25T15:19:48","2021-07-02T09:00:00","Ανοικτή","Υποβολή Προσφοράς","Κάτω","https://www.eprocurement.gov.cy/epps/cft/downloadNoticeForAdvSearch.do?resourceId=4778822","30000"
"4779605","2021-06-01T12:26:56.180123","https://www.eprocurement.gov.cy/epps/cft/prepareViewCfTWS.do?resourceId=4779605","Υπουργείο Άμυνας","TY 432/2020 ΑΝΕΓΕΡΣΗ ΠΥΛΩΝΩΝ ΕΠΙΚΟΙΝΩΝΙΩΝ (ΠΥΡΟΦΥΛΑΚΙΟ ΜΑΔΑΡΗΣ)","Ανέγερση νέου μεταλλικού πυλώνα επικοινωνιών, αντικατάσταση οροφής, ηλεκτρομαγνητική θωράκιση και λοιπές εργασίεσ στο Πυροφυλάκιο Μαδαρής","2021-05-25T15:03:09","2021-06-07T09:00:00","Ανοικτή","Υποβολή Προσφοράς","Κάτω","https://www.eprocurement.gov.cy/epps/cft/downloadNoticeForAdvSearch.do?resourceId=4779605","14000"
"4778692","2021-06-01T12:26:56.180123","https://www.eprocurement.gov.cy/epps/cft/prepareViewCfTWS.do?resourceId=4778692","Τμήμα Δημοσίων Έργων","ΑΝΤΙΚΑΤΑΣΤΑΣΗ ΚΤΥΠΗΜΕΝΩΝ ΜΕΤΑΛΛΙΚΩΝ ΣΤΗΘΑΙΩΝ ΑΣΦΑΛΕΙΑΣ ΚΑΙ ΕΓΚΑΤΑΣΤΑΣΗ ΝΕΩΝ ΣΕ ΔΙΑΦΟΡΕΣ ΠΕΡΙΟΧΕΣ ΤΗΣ ΕΠΑΡΧΙΑΣ ΛΕΥΚΩΣΙΑΣ. ΑΡ. ΔΙΑΓΩΝΙΣΜΟΥ: Δ.Τ.Δ.Ε.(Ε.Μ.Λ/σίας) 19/2021","ΑΝΤΙΚΑΤΑΣΤΑΣΗ ΚΤΥΠΗΜΕΝΩΝ ΜΕΤΑΛΛΙΚΩΝ ΣΤΗΘΑΙΩΝ ΑΣΦΑΛΕΙΑΣ ΚΑΙ ΕΓΚΑΤΑΣΤΑΣΗ ΝΕΩΝ ΣΕ ΔΙΑΦΟΡΕΣ ΠΕΡΙΟΧΕΣ ΤΗΣ ΕΠΑΡΧΙΑΣ ΛΕΥΚΩΣΙΑΣ.","2021-05-25T14:40:00","2021-06-11T11:00:00","Ανοικτή","Υποβολή Προσφοράς","Κάτω","https://www.eprocurement.gov.cy/epps/cft/downloadNoticeForAdvSearch.do?resourceId=4778692","250000"
"4778574","2021-06-01T12:26:56.180123","https://www.eprocurement.gov.cy/epps/cft/prepareViewCfTWS.do?resourceId=4778574","Πανεπιστήμιο Κύπρου","UCY-2021-006-TEX - Προμήθεια και εγκατάσταση φωτισμού σε χώρο στάθμευσης στην Πανεπιστημιούπολη","Προμήθεια και εγκατάσταση φωτισμού σε χώρο στάθμευσης στην Πανεπιστημιούπολη","2021-05-25T14:06:18","2021-06-22T12:00:00","Ανοικτή","Υποβολή Προσφοράς","Κάτω","https://www.eprocurement.gov.cy/epps/cft/downloadNoticeForAdvSearch.do?resourceId=4778574","71000"
"4779049","2021-06-01T12:26:56.180123","https://www.eprocurement.gov.cy/epps/cft/prepareViewCfTWS.do?resourceId=4779049","Τμήμα Γεωργίας","Αγορά Υπηρεσιών για την καταγραφή/επικαιροποίηση/οριστικοποίηση των απαιτήσεων των χρηστών και την ετοιμασία εγγράφων διαγωνισμού για υλοποίηση Ολοκληρωμένου Πληροφοριακού Συστήματος για το ΤΓ","Αγορά Υπηρεσιών για την καταγραφή/επικαιροποίηση/οριστικοποίηση των απαιτήσεων των χρηστών και την ετοιμασία εγγράφων διαγωνισμού για υλοποίηση Ολοκληρωμένου Πληροφοριακού Συστήματος για το Τμήμα Γεωργίας του Υπουργείου Γεωργίας, Αγροτικής Ανάπτυξης και Περιβάλλοντος","2021-05-25T13:51:45","2021-06-10T10:00:00","Ανοικτή","Υποβολή Προσφοράς","Κάτω","https://www.eprocurement.gov.cy/epps/cft/downloadNoticeForAdvSearch.do?resourceId=4779049",""
"4777674","2021-06-01T12:26:56.180123","https://www.eprocurement.gov.cy/epps/cft/prepareViewCfTWS.do?resourceId=4777674","Τμήμα Δημοσίων Έργων","ΠΡΟΜΗΘΕΙΑ ΕΞΑΡΤΗΜΑΤΩΝ ΞΥΛΟΥΡΓΙΚΩΝ ΚΑΤΑΣΚΕΥΩΝ, Δ.Τ.Δ.Ε. (ΕΜ.ΛΚΑ) 21/2021.","Προμήθεια εξαρτημάτων ξυλουργικών κατασκευών για το ξυλουργείο του Τμήματος Δημοσίων Έργων Λάρνακας.","2021-05-25T13:08:58","2021-06-11T11:00:00","Ανοικτή","Υποβολή Προσφοράς","Κάτω","https://www.eprocurement.gov.cy/epps/cft/downloadNoticeForAdvSearch.do?resourceId=4777674","15000"
"4778138","2021-06-01T12:26:56.180123","https://www.eprocurement.gov.cy/epps/cft/prepareViewCfTWS.do?resourceId=4778138","Συμβούλιο Αποχετεύσεων Λεμεσού - Αμαθούντας","Διαγωνισμός αρ. 10/2021 για την παροχή υπηρεσιών για τη διεξαγωγή Εσωτερικού Ελέγχου στο Συμβούλιο Αποχετεύσεων Λεμεσού Αμαθούντας","Ο γενικός στόχος της Σύμβαση αυτής είναι η παροχή υπηρεσιών για τη διεξαγωγή εσωτερικού ελέγχου σε συνεργασία με το Τμήμα Εσωτερικού Ελέγχου του ΣΑΛΑ, για περίοδο δώδεκα (12) μηνών, με δυνατότητα παράτασης των υπηρεσιών για πρόσθετη περίοδο δώδεκα (12) μηνών. Ειδικότερα, στόχος της Σύμβασης είναι η υποστήριξη του Τμήματος Εσωτερικού Ελέγχου του ΣΑΛΑ στην υλοποίηση του ετήσιου πλάνου ελέγχου, στη διενέργεια συγκεκριμένων ελέγχων που θα καθοριστούν σε συνεννόηση με την Διεύθυνση του Οργανισμού, στην καταγραφή διαδικασιών Εσωτερικού Ελέγχου, στην αξιολόγηση της αποτελεσματικότητας του συστήματος Εσωτερικού Ελέγχου και στον εντοπισμό αδυναμιών και την ανάπτυξη προτάσεων βελτίωσης και στην ετοιμασία εκθέσεων.","2021-05-25T13:08:03","2021-06-28T12:00:00","Ανοικτή","Υποβολή Προσφοράς","Κάτω","https://www.eprocurement.gov.cy/epps/cft/downloadNoticeForAdvSearch.do?resourceId=4778138","57000"
"4776761","2021-06-01T12:26:56.180123","https://www.eprocurement.gov.cy/epps/cft/prepareViewCfTWS.do?resourceId=4776761","Τμήμα Αναπτύξεως Υδάτων","ΤΑΥ 12/2021 Προμήθεια σωλήνων και εξαρτημάτων από ανοξείδωτο χάλυβα, βαλβίδων και ελαστικών συνδέσμων για τα Αντλιοστάσια Βυζακιάς – Αγίου Γεωργίου και Μονής","Προμήθεια σωλήνων και εξαρτημάτων από ανοξείδωτο χάλυβα, βαλβίδων και ελαστικών συνδέσμων για τα Αντλιοστάσια Βυζακιάς – Αγίου Γεωργίου και Μονής","2021-05-25T13:01:34","2021-06-15T10:00:00","Ανοικτή","Υποβολή Προσφοράς","Κάτω","https://www.eprocurement.gov.cy/epps/cft/downloadNoticeForAdvSearch.do?resourceId=4776761","119681"
"4778168","2021-06-01T12:26:56.180123","https://www.eprocurement.gov.cy/epps/cft/prepareViewCfTWS.do?resourceId=4778168","Δήμος Αγίας Νάπας","Πλειοδοτικός Διαγωνισμός για την Παροχή Υπηρεσιών εκμετάλλευσης των στεγάστρων των στάσεων λεωφορείων για σκοπούς διαφήμισης","Πλειοδοτικός Διαγωνισμός για την Παροχή Υπηρεσιών εκμετάλλευσης των στεγάστρων των στάσεων λεωφορείων για σκοπούς διαφήμισης","2021-05-25T11:43:59","2021-06-16T12:00:00","Ανοικτή","Υποβολή Προσφοράς","Κάτω","https://www.eprocurement.gov.cy/epps/cft/downloadNoticeForAdvSearch.do?resourceId=4778168","80000"
"4777479","2021-06-01T12:26:56.180123","https://www.eprocurement.gov.cy/epps/cft/prepareViewCfTWS.do?resourceId=4777479","Υπουργείο Υγείας","Προσφορά για την προμήθεια Φαρμάκων Καρδιαγγειακού Συστήματος, Φ.Υ.Υ.54/2021-ΟΚΥΠΥ","Προμήθεια Φαρμάκων Καρδιαγγειακού Συστήματος","2021-05-25T09:18:41","2021-06-10T13:00:00","Ανοικτή","Υποβολή Προσφοράς","Κάτω","https://www.eprocurement.gov.cy/epps/cft/downloadNoticeForAdvSearch.do?resourceId=4777479","40228"
"4777405","2021-06-01T12:26:56.180123","https://www.eprocurement.gov.cy/epps/cft/prepareViewCfTWS.do?resourceId=4777405","Δήμος Λεμεσού","Προσφορά για την προμήθεια και τοποθέτηση /εγκατάσταση/συντήρηση πολυπαιχνιδιού στον δυτικό παιχνιδότοπο στο παραθαλάσσιο πολυλειτουργικό πάρκο στη Λεμεσό.(46/2021)","Προσφορά για την προμήθεια και τοποθέτηση /εγκατάσταση/συντήρηση πολυπαιχνιδιού στον δυτικό παιχνιδότοπο στο παραθαλάσσιο πολυλειτουργικό πάρκο στη Λεμεσό.","2021-05-25T09:00:53","2021-06-16T12:00:00","Ανοικτή","Υποβολή Προσφοράς","Κάτω","https://www.eprocurement.gov.cy/epps/cft/downloadNoticeForAdvSearch.do?resourceId=4777405","15000"
"4777178","2021-06-01T12:26:56.180123","https://www.eprocurement.gov.cy/epps/cft/prepareViewCfTWS.do?resourceId=4777178","Υπουργείο Υγείας","Διαγωνισμός για την προμήθεια τεστ ταχείας ανίχνευσης αντιγόνου COVID-19 για τις ανάγκες του Υπουργείου Υγείας","Σ.Υ. 30/21 Διαγωνισμός για την προμήθεια τεστ ταχείας ανίχνευσης αντιγόνου COVID-19 για τις ανάγκες του Υπουργείου Υγείας","2021-05-24T15:17:27","2021-06-11T09:30:00","Ανοικτή","Υποβολή Προσφοράς","Πάνω","https://www.eprocurement.gov.cy/epps/cft/downloadNoticeForAdvSearch.do?resourceId=4777178","4440000"
"4777106","2021-06-01T12:26:56.180123","https://www.eprocurement.gov.cy/epps/cft/prepareViewCfTWS.do?resourceId=4777106","Αρχή Ηλεκτρισμού Κύπρου","188/2021 - Renewal of Software Licenses and Software Maintenance, Subscription and Support Services for Three (3) Years for IBM Cognos Analytics and IBM Infosphere DataStage","Renewal of Software Licenses and Software Maintenance, Subscription and Support Services for Three (3) Years for IBM Cognos Analytics and IBM Infosphere DataStage","2021-05-24T15:01:45","2021-06-11T23:45:00","Ανοικτή","Υποβολή Προσφοράς","Κάτω","https://www.eprocurement.gov.cy/epps/cft/downloadNoticeForAdvSearch.do?resourceId=4777106",""
"4776408","2021-06-01T12:26:56.180123","https://www.eprocurement.gov.cy/epps/cft/prepareViewCfTWS.do?resourceId=4776408","Τμήμα Δημοσίων Έργων","Κατασκευή Κυκλικού Κόμβου στην Δευτερά, Αρ. Διαγωνισμού: ΚΠΣ/8/2021/E(A)","Το Έργο βρίσκεται στην Επαρχία Λευκωσίας, στην Κάτω Δευτερά στην συμβολή του κύριου δρόμου Ανθούπολης – Παλαιχωρίου με τις οδούς Αγίας Μαρίνας και Ποσειδώνος (παρά τα γήπεδα Futsal). Το Έργο αφορά την κατασκευή κυκλικού κόμβου, καθώς και βελτίωση και ανακατασκευή τμημάτων των δρόμων που συνδέονται σε αυτόν. Το Έργο περιλαμβάνει τα πιο κάτω: i) Κατασκευή κυκλικού κόμβου επί του κύριου δρόμου Ανθούπολης - Παλαιχωρίου. ii) Βελτίωση και ανακατασκευή τμημάτων των δρόμων που συνδέονται στον κυκλικό κόμβο: Προς Παλαιχώρι (54μ), προς Λευκωσία (102μ), προς Δευτερά (32μ) και Ποσειδώνος – γήπεδα Futsal (65μ). iii) Εργασίες Υπηρεσιών iv) Κατασκευή πεζοδρομίων καθώς και δύο κόλπων στάσης λεωφορείων σε τμήματα του κύριου δρόμου, προς Ανθούπολη και προς Παλαιχώρι.","2021-05-24T14:44:16","2021-06-25T11:00:00","Ανοικτή","Υποβολή Προσφοράς","Κάτω","https://www.eprocurement.gov.cy/epps/cft/downloadNoticeForAdvSearch.do?resourceId=4776408","300000"
"4776274","2021-06-01T12:26:56.180123","https://www.eprocurement.gov.cy/epps/cft/prepareViewCfTWS.do?resourceId=4776274","Υπουργείο Παιδείας Πολιτισμού Αθλητισμού και Νεολαίας","ΔΙΑΓΩΝΙΣΜΟΣ ΓΙΑ ΠΑΡΟΧΗ ΥΠΗΡΕΣΙΩΝ (ΜΕΛΕΤΗ - ΕΠΙΒΛΕΨΗ) ΓΙΑ ΤΗΝ ΜΕΤΑΤΡΟΠΗ ΤΟΥ Ζ ΔΗΜΟΤΙΚΟΥ ΣΧΟΛΕΙΟΥ ΠΑΦΟΥ ΚΑΙ ΤΟΥ Α ΔΗΜΟΣΙΟΥ ΝΗΠΙΑΓΩΓΕΙΟΥ ΠΑΦΟΥ ΣΕ ΝΕΟ ΓΥΜΝ ΚΑΙ ΝΕΟ ΔΗΜ ΣΧΟΛΕΙΟ ΠΑΦΟΥ (T.Y. 7/2021)","ΤΙΤΛΟΣ: ΔΙΑΓΩΝΙΣΜΟΣ ΓΙΑ ΠΑΡΟΧΗ ΥΠΗΡΕΣΙΩΝ (ΜΕΛΕΤΗ - ΕΠΙΒΛΕΨΗ) ΣΥΜΒΟΥΛΩΝ ΜΕΛΕΤΗΤΩΝ ΑΡΧΙΤΕΚΤΟΝΑ, ΠΟΛΙΤΙΚΟΥ ΜΗΧΑΝΙΚΟΥ, ΗΛΕΚΤΡΟΛΟΓΟΥ ΜΗΧΑΝΙΚΟΥ, ΜΗΧΑΝΟΛΟΓΟΥ ΜΗΧΑΝΙΚΟΥ ΚΑΙ ΕΠΙΜΕΤΡΗΤΗ ΠΟΣΟΤΗΤΩΝ ΓΙΑ ΤΗΝ ΜΕΤΑΤΡΟΠΗ (ΔΙΑΜΟΡΦΩΣΕΙΣ - ΕΠΕΚΤΑΣΕΙΣ) ΤΟΥ Ζ ΔΗΜΟΤΙΚΟΥ ΣΧΟΛΕΙΟΥ ΠΑΦΟΥ ΚΑΙ ΤΟΥ Α ΔΗΜΟΣΙΟΥ ΝΗΠΙΑΓΩΓΕΙΟΥ ΠΑΦΟΥ ΣΕ ΝΕΟ ΓΥΜΝΑΣΙΟ ΠΑΦΟΥ ΚΑΙ ΝΕΟ ΔΗΜΟΤΙΚΟ ΣΧΟΛΕΙΟ ΠΑΦΟΥ Περιγραφή: Μελέτη - επίβλεψη συμβουλών μελετητών αρχιτέκτονα, πολιτικού μηχανικού, ηλεκτρολόγου μηχανικού, μηχανολόγου μηχανικού και επιμετρητή ποσοτήτων για την μετατροπή (διαμορφώσεις - επεκτάσεις) του Z Δημοτικού Σχολείου Πάφου και του Α Δημόσιου Νηπιαγωγείου Πάφου σε Νέο Γυμνάσιο Πάφου και Νέο Δημοτικό Σχολείο Πάφου. [ Εκτιμώμενο ποσοστό σύμβασης 7.33 τοις εκατό ] Αρ. Διαγωνισμού: Τ.Υ. 7/2021","2021-05-24T13:57:59","2021-07-09T09:00:00","Ανοικτή","Υποβολή Προσφοράς","Πάνω","https://www.eprocurement.gov.cy/epps/cft/downloadNoticeForAdvSearch.do?resourceId=4776274","259000"
"4776809","2021-06-01T12:26:56.180123","https://www.eprocurement.gov.cy/epps/cft/prepareViewCfTWS.do?resourceId=4776809","Δήμος Αγίας Νάπας","Ανοικτός Διαγωνισμός για αγορά (προμήθεια και μεταφορά) ΔΙΑΒΑΘΜΙΣΜΕΝΟΥ ΜΕΙΓΜΑΤΟΣ ΤΥΠΟΥ 2 ΓΙΑ ΥΠΟΘΕΜΕΛΙΟ","Ο διαγωνισμός αφορά την αγορά, προμήθεια και μεταφορά διαβαθμισμένου μείγματος τύπου 2 για υποθεμέλιο για την τοποθέτηση του σε διάφορους δρόμους στην περιοχή του Δήμου Αγίας Νάπας","2021-05-24T13:47:28","2021-06-23T11:00:00","Ανοικτή","Υποβολή Προσφοράς","Κάτω","https://www.eprocurement.gov.cy/epps/cft/downloadNoticeForAdvSearch.do?resourceId=4776809","80000"
"4776614","2021-06-01T12:26:56.180123","https://www.eprocurement.gov.cy/epps/cft/prepareViewCfTWS.do?resourceId=4776614","Ανοικτό Πανεπιστήμιο Κύπρου","ΑΠΚΥ006/2021 - Συμφωνία πλαίσιο για την αγορά υπηρεσιών ταχυμεταφοράς (courier) για τις ανάγκες του Ανοικτού Πανεπιστημίου Κύπρου","Αντικείμενο του διαγωνισμού είναι η αγορά υπηρεσιών ταχυμεταφοράς (courier) για τις ανάγκες του Ανοικτού Πανεπιστημίου Κύπρου για περίοδο τριάντα οκτώ (38) μηνών, όπως προσδιορίζεται αναλυτικά στα Έγγραφα Διαγωνισμού.","2021-05-24T13:34:51","2021-06-24T14:00:00","Ανοικτή","Υποβολή Προσφοράς","Κάτω","https://www.eprocurement.gov.cy/epps/cft/downloadNoticeForAdvSearch.do?resourceId=4776614",""
"4775897","2021-06-01T12:26:56.180123","https://www.eprocurement.gov.cy/epps/cft/prepareViewCfTWS.do?resourceId=4775897","Τμήμα Υπηρεσιών Πληροφορικής","ΤΥΠ2021/020/Α/Β - ΑΝΟΙΚΤΟΣ ΔΙΑΓΩΝΙΣΜΟΣ ΓΙΑ ΤΗΝ ΠΡΟΜΗΘΕΙΑ ΑΔΕΙΩΝ ΧΡΗΣΗΣ MICROSOFT OFFICE 365 ΓΙΑ ΤΟ ΗΛΕΚΤΡΟΝΙΚΟ ΤΑΧΥΔΡΟΜΕΙΟ","ΠΡΟΜΗΘΕΙΑ ΑΔΕΙΩΝ ΧΡΗΣΗΣ MICROSOFT OFFICE 365 ΓΙΑ ΤΟ ΗΛΕΚΤΡΟΝΙΚΟ ΤΑΧΥΔΡΟΜΕΙΟ","2021-05-24T12:52:53","2021-06-14T11:00:00","Ανοικτή","Υποβολή Προσφοράς","Κάτω","https://www.eprocurement.gov.cy/epps/cft/downloadNoticeForAdvSearch.do?resourceId=4775897",""
"4776335","2021-06-01T12:26:56.180123","https://www.eprocurement.gov.cy/epps/cft/prepareViewCfTWS.do?resourceId=4776335","Δήμος Αγίας Νάπας","Προμήθεια, μεταφορά και παράδοση έτοιμου σκυροδέματος κατηγορίας C20, C25, C30, C35 και έτοιμου τσιμεντοπηλού για τις ανάγκες του Δήμου Αγίας Νάπας","Ο διαγωνισμός αφορά την Προμήθεια, μεταφορά και παράδοση έτοιμου σκυροδέματος κατηγορίας C20, C25, C30, C35 και έτοιμου τσιμεντοπηλού για τις ανάγκες του Δήμου Αγίας Νάπας","2021-05-24T12:25:14","2021-06-23T11:00:00","Ανοικτή","Υποβολή Προσφοράς","Κάτω","https://www.eprocurement.gov.cy/epps/cft/downloadNoticeForAdvSearch.do?resourceId=4776335","80000"
"4776175","2021-06-01T12:26:56.180123","https://www.eprocurement.gov.cy/epps/cft/prepareViewCfTWS.do?resourceId=4776175","Αρχή Ηλεκτρισμού Κύπρου","112/2021 Supply of swivel sagging blocks","Supply of swivel sagging blocks","2021-05-24T12:04:45","2021-06-30T23:45:00","Ανοικτή","Υποβολή Προσφοράς","Κάτω","https://www.eprocurement.gov.cy/epps/cft/downloadNoticeForAdvSearch.do?resourceId=4776175","30000"
"4775778","2021-06-01T12:26:56.180123","https://www.eprocurement.gov.cy/epps/cft/prepareViewCfTWS.do?resourceId=4775778","Δήμος Λεμεσού","Προσφορά για την εκτέλεση του έργου 'Ανάπλαση -διαμόρφωση του Ιστορικού κέντρου της Αγίας Φύλας'. (28/2021)","Προσφορά για την εκτέλεση του έργου 'Ανάπλαση -διαμόρφωση του Ιστορικού κέντρου της Αγίας Φύλας'","2021-05-24T11:56:35","2021-07-09T12:00:00","Ανοικτή","Υποβολή Προσφοράς","Κάτω","https://www.eprocurement.gov.cy/epps/cft/downloadNoticeForAdvSearch.do?resourceId=4775778","2390000"
"4775536","2021-06-01T12:26:56.180123","https://www.eprocurement.gov.cy/epps/cft/prepareViewCfTWS.do?resourceId=4775536","Δήμος Αγίας Νάπας","Προσφορά για «α) Προμήθεια, Μεταφορά και Επίστρωση ασφαλτικού σκυροδέματος (Πρέμιξ) β) Αφαίρεση – απομάκρυνση και προμήθεια, μεταφορά και τοποθέτηση ασφαλτικού σκυροδέματος (Πρέμιξ)","Η Κατηγορία του Έργου είναι Τεχνικό και κατατάσσεται στην Δ Τάξη και αφορά την «α) Προμήθεια, Μεταφορά και Επίστρωση ασφαλτικού σκυροδέματος (Πρέμιξ) β) Αφαίρεση – απομάκρυνση και προμήθεια, μεταφορά και τοποθέτηση ασφαλτικού σκυροδέματος (Πρέμιξ) για τις ανάγκες του Δήμου Αγίας Νάπας»","2021-05-24T10:34:39","2021-06-18T11:00:00","Ανοικτή","Υποβολή Προσφοράς","Κάτω","https://www.eprocurement.gov.cy/epps/cft/downloadNoticeForAdvSearch.do?resourceId=4775536","250000"
"4775160","2021-06-01T12:26:56.180123","https://www.eprocurement.gov.cy/epps/cft/prepareViewCfTWS.do?resourceId=4775160","Οργανισμός Νεολαίας Κύπρου","Διαγωνισμός Α/Α 06/2021 για την Αγορά Υπηρεσιών για τη διεξαγωγή ερευνών για την υλοποίηση του ερευνητικού πλάνου του ΟΝΕΚ για την περίοδο 2021-2022","Ο Οργανισμός Νεολαίας Κύπρου διενεργεί διαγωνισμό για την Παροχή Υπηρεσιών για τη διεξαγωγή ερευνών για την υλοποίηση του ερευνητικού πλάνου του ΟΝΕΚ για την περίοδο 2021-2022.","2021-05-24T09:00:07","2021-06-14T12:00:00","Ανοικτή","Υποβολή Προσφοράς","Κάτω","https://www.eprocurement.gov.cy/epps/cft/downloadNoticeForAdvSearch.do?resourceId=4775160","59400"
"4774655","2021-06-01T12:26:56.180123","https://www.eprocurement.gov.cy/epps/cft/prepareViewCfTWS.do?resourceId=4774655","Τμήμα Δημοσίων Έργων","Προμήθεια και τοποθέτηση αλουμίνιων πόρτων και παραθύρων σε διάφορα Κυβερνητικά Κτήρια στην Επαρχία Λεμεσού","Προμήθεια και τοποθέτηση αλουμίνιων πόρτων και παραθύρων σε διάφορα Κυβερνητικά Κτήρια στην Επαρχία Λεμεσού.","2021-05-21T17:08:43","2021-06-09T11:00:00","Ανοικτή","Υποβολή Προσφοράς","Κάτω","https://www.eprocurement.gov.cy/epps/cft/downloadNoticeForAdvSearch.do?resourceId=4774655","23500"
"4774714","2021-06-01T12:26:56.180123","https://www.eprocurement.gov.cy/epps/cft/prepareViewCfTWS.do?resourceId=4774714","ΣΧΟΛΙΚΗ ΕΦΟΡΕΙΑ ΛΕΜΕΣΟΥ","ΕΡΓΑΣΙΕΣ ΣΥΝΤΗΡΗΣΗΣ ΚΑΙ ΕΠΙΔΙΟΡΘΩΣΕΩΝ ΣΤΟ ΤΣΙΡΕΙΟ ΓΥΜΝΑΣΙΟ ΛΕΜΕΣΟΥ","ΕΡΓΑΣΙΕΣ ΣΥΝΤΗΡΗΣΗΣ ΚΑΙ ΕΠΙΔΙΟΡΘΩΣΕΩΝ ΣΤΟ ΤΣΙΡΕΙΟ ΓΥΜΝΑΣΙΟ ΛΕΜΕΣΟΥ","2021-05-21T14:33:13","2021-06-04T12:00:00","Ανοικτή","Υποβολή Προσφοράς","Κάτω","https://www.eprocurement.gov.cy/epps/cft/downloadNoticeForAdvSearch.do?resourceId=4774714","51000"
"4773819","2021-06-01T12:26:56.180123","https://www.eprocurement.gov.cy/epps/cft/prepareViewCfTWS.do?resourceId=4773819","Τμήμα Ηλεκτρομηχανολογικών Υπηρεσιών","Διαγωνισμός για την Προμήθεια, εγκατάσταση και δεκαετής (10) συντήρηση ενός συστήματος πυρόσβεσης στο Επαρχιακό Δικαστήριο Λάρνακας","Προμήθεια, εγκατάσταση και δεκαετής (10) συντήρηση ενός συστήματος πυρόσβεσης στο Επαρχιακό Δικαστήριο Λάρνακας","2021-05-21T14:05:03","2021-06-25T10:00:00","Ανοικτή","Υποβολή Προσφοράς","Κάτω","https://www.eprocurement.gov.cy/epps/cft/downloadNoticeForAdvSearch.do?resourceId=4773819","37000"
"4772687","2021-06-01T12:26:56.180123","https://www.eprocurement.gov.cy/epps/cft/prepareViewCfTWS.do?resourceId=4772687","Τμήμα Ηλεκτρομηχανολογικών Υπηρεσιών","Διαγωνισμός αρ. 21.061.ΕΠ.ΗΜΥ Προμήθεια και συντήρηση ενός (1) συμπιεστή απορριμμάτων χωρητικότητας 12m³","Διαγωνισμός αρ. 21.061.ΕΠ.ΗΜΥ Προμήθεια και συντήρηση ενός (1) συμπιεστή απορριμμάτων χωρητικότητας 12m³ για το γενικό Νοσοκομείο Λευκωσίας","2021-05-21T14:02:40","2021-06-10T09:00:00","Ανοικτή","Υποβολή Προσφοράς","Κάτω","https://www.eprocurement.gov.cy/epps/cft/downloadNoticeForAdvSearch.do?resourceId=4772687","15500"
"4774441","2021-06-01T12:26:56.180123","https://www.eprocurement.gov.cy/epps/cft/prepareViewCfTWS.do?resourceId=4774441","Τμήμα Δημοσίων Έργων","ΕΡΓΑΣΙΕΣ ΓΙΑ ΑΝΑΒΑΘΜΙΣΗ ΤΗΣ ΕΝΕΡΓΕΙΑΚΗΣ ΑΠΟΔΟΣΗΣ ΤΟΥ ΚΤΙΡΙΟΥ ΤΟΥ ΠΕΡΙΦΕΡΕΙΑΚΟΥ ΓΕΩΡΓΙΚΟΥ ΓΡΑΦΕΙΟΥ ΠΙΤΣΙΛΙΑΣ ΣΤΟΝ ΑΓΡΟ","ΕΡΓΑΣΙΕΣ ΓΙΑ ΑΝΑΒΑΘΜΙΣΗ ΤΗΣ ΕΝΕΡΓΕΙΑΚΗΣ ΑΠΟΔΟΣΗΣ ΤΟΥ ΚΤΙΡΙΟΥ ΤΟΥ ΠΕΡΙΦΕΡΕΙΑΚΟΥ ΓΕΩΡΓΙΚΟΥ ΓΡΑΦΕΙΟΥ ΠΙΤΣΙΛΙΑΣ ΣΤΟΝ ΑΓΡΟ","2021-05-21T13:52:43","2021-06-11T11:00:00","Ανοικτή","Υποβολή Προσφοράς","Κάτω","https://www.eprocurement.gov.cy/epps/cft/downloadNoticeForAdvSearch.do?resourceId=4774441","39500"
"4770521","2021-06-01T12:26:56.180123","https://www.eprocurement.gov.cy/epps/cft/prepareViewCfTWS.do?resourceId=4770521","Τμήμα Δημοσίων Έργων","Βελτίωση δρόμου που συνδέει την Δερύνεια με την Σωτήρα, Αρ. Διαγωνισμού: PS/C/731","Το Έργο αφορά την βελτίωση του δρόμου που συνδέει τους δυο Δήμους μήκους 4Κm και περιλαμβάνει επίσης την κατασκευή συνδετήριων δρόμων συνολικού μήκους 2.5 Κm,. επέκταση του οχετού ομβρίων μήκους 1.4Κm δια μέσου του πυρήνα του Δήμου Δερύνειας και την κατασκευή 3 Λιμνών Κατακράτησης (Extended Detention Basins) σε τρεις περιοχές που εφάπτονται της Λίμνης Παραλιμνίου. Οι κατασκευαστικές εργασίες περιλαμβάνουν χωματουργικές, ασφαλτικές εργασίες, κατασκευή κλειστού συστήματος αποχετεύσεως ομβρίων, κατασκευή πλακόστρωτων πεζοδρομίων, λωρίδας πρασίνου, ποδηλατόδρομου, χώρους στάθμευσης επί του οδοστρώματος, διαβάσεις πεζών, στάσεις λεωφορείων, υπερυψωμένες συμβολές και άλλα μέτρα κυκλοφοριακής ύφεσης, χώρους πρασίνου και δυο ισόπεδους κυκλικούς κόμβους και εγκαταστάσεις νέων Υπηρεσιών Περαιτέρω, συμπεριλαμβάνεται η κατασκευή 3 λιμνοδεξαμενών κατακράτησης κι η εγκατάσταση των απαραίτητων υδραυλικών διατάξεων (ελαιο-διαχωριστών υπερχειλιστών και κατασκευών απορρόφησης της ενέργειας εκροής).","2021-05-21T12:39:02","2021-07-02T11:00:00","Ανοικτή","Υποβολή Προσφοράς","Πάνω","https://www.eprocurement.gov.cy/epps/cft/downloadNoticeForAdvSearch.do?resourceId=4770521","13099250"
"4793806","2021-06-02T06:00:22.376566","https://www.eprocurement.gov.cy/epps/cft/prepareViewCfTWS.do?resourceId=4793806","Αρχή Ηλεκτρισμού Κύπρου","181/2021 - Supply, Installation and Maintenance of a High-Speed A4 Printing System","Supply and Installation of a High-Speed A4 Printing System and maintenance and support services for a period of 6 years","2021-06-02T08:51:12","2021-06-30T23:45:00","Ανοικτή","Υποβολή Προσφοράς","Κάτω","https://www.eprocurement.gov.cy/epps/cft/downloadNoticeForAdvSearch.do?resourceId=4793806",""
"4794095","2021-06-02T07:00:22.108268","https://www.eprocurement.gov.cy/epps/cft/prepareViewCfTWS.do?resourceId=4794095","Σχολική Εφορεία Στροβόλου","ΑΝΤΙΚΑΤΑΣΤΑΣΗ ΜΕΤΑΛΛΙΚΩΝ ΚΟΥΦΩΜΑΤΩΝ ΣΤΟ ΔΗΜ. ΔΑΣΟΥΠΟΛΗΣ ΚΑ΄ ΚΑΙ ΚΒ΄","Αντικατάσταση των μεταλλικών κουφωμάτων στο Δημοτικό Δασούπολης ΚΑ΄ και ΚΒ΄","2021-06-02T09:58:35","2021-06-28T09:00:00","Ανοικτή","Υποβολή Προσφοράς","Κάτω","https://www.eprocurement.gov.cy/epps/cft/downloadNoticeForAdvSearch.do?resourceId=4794095","140000"
"4794194","2021-06-02T07:00:22.108268","https://www.eprocurement.gov.cy/epps/cft/prepareViewCfTWS.do?resourceId=4794194","Αρχή Ηλεκτρισμού Κύπρου","199/2021 - Υπηρεσίες καθαρισμού του Περιφερειακού Γραφείου της Αρχής στη Λεμεσό και των γραφείων στο κτήριο Παυλίδη στη Λεμεσό","Υπηρεσίες καθαρισμού του Περιφερειακού Γραφείου της Αρχής στη Λεμεσό και των γραφείων στο κτήριο Παυλίδη στη Λεμεσό","2021-06-02T09:49:31","2021-07-07T12:00:00","Ανοικτή","Υποβολή Προσφοράς","Κάτω","https://www.eprocurement.gov.cy/epps/cft/downloadNoticeForAdvSearch.do?resourceId=4794194","48000"
"4794020","2021-06-02T07:00:22.108268","https://www.eprocurement.gov.cy/epps/cft/prepareViewCfTWS.do?resourceId=4794020","Δήμος Λάρνακας","Παροχή Υπηρεσιών ενοικίασης τηλεσκοπικού ανυψωτήρα με καλάθι εργασίας και οδηγό για περίοδο ενός έτους με δικαίωμα στο Δήμο για ανανέωση για ακόμα ένα έτος (37/2021)","Ο Δήμος Λάρνακας ζητά προσφορές για την παροχή υπηρεσιών ενοικίασης των πιο κάτω τηλεσκοπικών ανυψωτήρων με καλάθι εργασίας και οδηγό, για περίοδο ενός έτους με δικαίωμα στο Δήμο για ανανέωση για ακόμα ένα έτος, από την ημερομηνία ανάθεσης της σύμβασης: Ενότητα Α: Ένα τηλεσκοπικό περιστρεφόμενο ανυψωτήρα με δυνατότητα ανύψωσης τουλάχιστον 16m Ενότητα Β: Ένα τηλεσκοπικό περιστρεφόμενο ανυψωτήρα με δυνατότητα ανύψωσης τουλάχιστον 24m Ενότητα Γ: Ένα τηλεσκοπικό ανυψωτήρα με δυνατότητα ανύψωσης τουλάχιστον 16m","2021-06-02T09:24:15","2021-06-23T11:00:00","Ανοικτή","Υποβολή Προσφοράς","Κάτω","https://www.eprocurement.gov.cy/epps/cft/downloadNoticeForAdvSearch.do?resourceId=4794020","80000"
"4794288","2021-06-02T08:00:20.010111","https://www.eprocurement.gov.cy/epps/cft/prepareViewCfTWS.do?resourceId=4794288","Υπουργείο Υγείας","Προσφορά για την Προμήθεια Αντινεοπλασματικών Φαρμάκων 42/2021","Προμήθεια Αντινεοπλασματικών Φαρμάκων","2021-06-02T10:58:01","2021-07-08T13:00:00","Ανοικτή","Υποβολή Προσφοράς","Πάνω","https://www.eprocurement.gov.cy/epps/cft/downloadNoticeForAdvSearch.do?resourceId=4794288","2675410"
"4794066","2021-06-02T08:00:20.010111","https://www.eprocurement.gov.cy/epps/cft/prepareViewCfTWS.do?resourceId=4794066","Τμήμα Γεωλογικής Επισκόπησης","ΔΙΑΓΩΝΙΣΜΟΣ ΓΙΑ ΤΗΝ ΠΡΟΜΗΘΕΙΑ ΜΕΤΑΛΛΙΚΩΝ ΣΩΛΗΝΩΝ ΘΩΡΑΚΙΣΗΣ ΓΕΩΤΡΗΣΕΩΝ ΥΔΑΤΟΠΡΟΜΗΘΕΙΑΣ","Αντικείμενο της Σύμβασης Προμήθεια μεταλλικών σωλήνων θωράκισης γεωτρήσεων υδατοπρομήθειας που εντάσσεται στην κατηγορία CPV: 43130000, 43136000 και 41110000.","2021-06-02T10:07:58","2021-07-05T10:00:00","Ανοικτή","Υποβολή Προσφοράς","Πάνω","https://www.eprocurement.gov.cy/epps/cft/downloadNoticeForAdvSearch.do?resourceId=4794066","160000"
"4794381","2021-06-02T09:00:23.030571","https://www.eprocurement.gov.cy/epps/cft/prepareViewCfTWS.do?resourceId=4794381","ΔΗΜΟΣ ΤΣΕΡΙΟΥ","Συντήρηση πεζοδρομίων και κατασκευών που αφορούν θέματα οδικής κυκλοφορίας στο Δήμο Τσερίου","Συντήρηση πεζοδρομίων και κατασκευών που αφορούν θέματα οδικής κυκλοφορίας στο Δήμο Τσερίου","2021-06-02T11:21:59","2021-06-22T12:00:00","Ανοικτή","Υποβολή Προσφοράς","Κάτω","https://www.eprocurement.gov.cy/epps/cft/downloadNoticeForAdvSearch.do?resourceId=4794381","53000"
"4794411","2021-06-02T09:00:23.030571","https://www.eprocurement.gov.cy/epps/cft/prepareViewCfTWS.do?resourceId=4794411","Συμβούλιο Υδατοπρομήθειας Λευκωσίας","10/2021 Προμήθεια και εκτύπωση φακέλων και ενημερωτικών επιστολών, εμφακέλωση και αποστολή τους στο ταχυδρομείο για το Συμβούλιο Υδατοπρομήθειας Λευκωσίας","ΑΝΤΙΚΕΙΜΕΝΟ ΤΗΣ ΣΥΜΒΑΣΗΣ (α) Η προμήθεια 300.000 φακέλων με παράθυρο (διχρωμία). (β) Η προμήθεια 300.000 απαντητικών μικρών φακέλων χωρίς παράθυρο (μονοχρωμία). (γ) Η προμήθεια και εκτύπωση 300.000 ενημερωτικών επιστολών μπρος πίσω (διχρωμία μπροστά πίσω). (δ) Η προμήθεια και εκτύπωση 300.000 απαντητικών επιστολών μπρος πίσω (τριχρωμία μπροστά πίσω). (ε) Η σταδιακή εμφακέλωση και αποστολή στο ταχυδρομείο 300.000 φακέλων με το περιεχόμενο τους.","2021-06-02T11:15:42","2021-06-25T12:00:00","Ανοικτή","Υποβολή Προσφοράς","Κάτω","https://www.eprocurement.gov.cy/epps/cft/downloadNoticeForAdvSearch.do?resourceId=4794411","20000"
"4795156","2021-06-02T10:00:23.245146","https://www.eprocurement.gov.cy/epps/cft/prepareViewCfTWS.do?resourceId=4795156","ΔΗΜΟΣ ΤΣΕΡΙΟΥ","Εργασίες συντήρησης και αναβάθμισης δημόσιων πάρκων στον Δήμο Τσερίου","Εργασίες συντήρησης και αναβάθμισης δημόσιων πάρκων στον Δήμο Τσερίου","2021-06-02T12:52:19","2021-06-22T12:00:00","Ανοικτή","Υποβολή Προσφοράς","Κάτω","https://www.eprocurement.gov.cy/epps/cft/downloadNoticeForAdvSearch.do?resourceId=4795156","45000"
"4794621","2021-06-02T10:00:23.245146","https://www.eprocurement.gov.cy/epps/cft/prepareViewCfTWS.do?resourceId=4794621","Υπουργείο Παιδείας Πολιτισμού Αθλητισμού και Νεολαίας","Μεταφορά και Διακίνηση Μαθητών/τριών και Συνοδών για τα Προγράμματα της Κατασκήνωσης Προδρόμου για το 2021 (ΔΕ 38-21)","Αγορά υπηρεσιών για μεταφορά και διακίνηση μαθητών και μαθητριών με συνοδό για τα προγράμματα της κατασκήνωσης Προδρόμου με τουριστικά ή/και εκδρομικά λεωφορεία, 21 ή/και 55 θέσεων αναλόγως διαδρομής/δρομολογίου για την περίοδο Ιουνίου - Νοεμβρίου 2021.","2021-06-02T12:26:48","2021-06-18T11:00:00","Ανοικτή","Υποβολή Προσφοράς","Κάτω","https://www.eprocurement.gov.cy/epps/cft/downloadNoticeForAdvSearch.do?resourceId=4794621","14000"
"4795301","2021-06-02T11:00:17.937157","https://www.eprocurement.gov.cy/epps/cft/prepareViewCfTWS.do?resourceId=4795301","Τμήμα Δασών","ΤΔ 49/2021 Διαγωνισμός για τη δημιουργία του χώρου στάθμευσης του Εθνικού Δασικού Πάρκου Παιδαγωγικής Ακαδημίας παρά τη λεωφόρο Λάρνακος","ΤΔ 49/2021 Διαγωνισμός για τη δημιουργία του χώρου στάθμευσης του Εθνικού Δασικού Πάρκου Παιδαγωγικής Ακαδημίας παρά τη λεωφόρο Λάρνακος που εντάσσονται στις κατηγορίες, CPV 45234112-4","2021-06-02T13:57:04","2021-06-29T10:00:00","Ανοικτή","Υποβολή Προσφοράς","Κάτω","https://www.eprocurement.gov.cy/epps/cft/downloadNoticeForAdvSearch.do?resourceId=4795301","160000"
"4791864","2021-06-02T12:00:23.666015","https://www.eprocurement.gov.cy/epps/cft/prepareViewCfTWS.do?resourceId=4791864","Κέντρο Παραγωγικότητας Κύπρου","ΣΥΝΤΗΡΗΣΗ ΚΤΙΡΙΟΥ ΚΕΝΤΡΙΚΩΝ ΓΡΑΦΕΙΩΝ ΚΕΝΤΡΟΥ ΠΑΡΑΓΩΓΙΚΟΤΗΤΑΣ ΛΕΥΚΩΣΙΑΣ ΜΕ ΕΜΦΑΣΗ ΣΤΙΣ ΑΙΘΟΥΣΕΣ ΔΙΔΑΣΚΑΛΙΑΣ ΚΑΙ ΤΟΝ ΔΙΑΔΡΟΜΟ ΟΡΟΦΟΥ","ΟΙΚΟΔΟΜΙΚΕΣ ΕΡΓΑΣΙΕΣ ΓΙΑ ΣΥΝΤΗΡΗΣΗ ΚΤΙΡΙΟΥ ΚΕΝΤΡΙΚΩΝ ΓΡΑΦΕΙΩΝ ΚΕΝΤΡΟΥ ΠΑΡΑΓΩΓΙΚΟΤΗΤΑΣ ΛΕΥΚΩΣΙΑΣ ΜΕ ΕΜΦΑΣΗ ΣΤΙΣ ΑΙΘΟΥΣΕΣ ΔΙΔΑΣΚΑΛΙΑΣ ΚΑΙ ΤΟΝ ΔΙΑΔΡΟΜΟ ΟΡΟΦΟΥ","2021-06-02T14:29:03","2021-06-28T13:00:00","Ανοικτή","Υποβολή Προσφοράς","Κάτω","https://www.eprocurement.gov.cy/epps/cft/downloadNoticeForAdvSearch.do?resourceId=4791864","180000"
"4795354","2021-06-02T12:00:23.666015","https://www.eprocurement.gov.cy/epps/cft/prepareViewCfTWS.do?resourceId=4795354","Οργανισμός Κρατικών Υπηρεσιών Υγείας","ΔΙΑΓΩΝΙΣΜΟΣ ΓΙΑ ΤΗΝ ΠΡΟΜΗΘΕΙΑ ΚΑΙ ΣΥΝΤΗΡΗΣΗ ΗΛΕΚΤΡΙΚΩΝ ΖΥΓΑΡΙΩΝ ΓΙΑ ΤΙΣ ΑΝΑΓΚΕΣ ΤΩΝ ΝΟΣΗΛΕΥΤΗΡΙΩΝ ΤΟΥ ΟΚΥΠΥ","ΔΙΑΓΩΝΙΣΜΟΣ ΓΙΑ ΤΗΝ ΠΡΟΜΗΘΕΙΑ ΚΑΙ ΣΥΝΤΗΡΗΣΗ ΗΛΕΚΤΡΙΚΩΝ ΖΥΓΑΡΙΩΝ ΓΙΑ ΤΙΣ ΑΝΑΓΚΕΣ ΤΩΝ ΝΟΣΗΛΕΥΤΗΡΙΩΝ ΤΟΥ ΟΚΥΠΥ","2021-06-02T14:13:39","2021-06-23T10:00:00","Ανοικτή","Υποβολή Προσφοράς","Κάτω","https://www.eprocurement.gov.cy/epps/cft/downloadNoticeForAdvSearch.do?resourceId=4795354","200000"
"4794347","2021-06-02T12:00:23.666015","https://www.eprocurement.gov.cy/epps/cft/prepareViewCfTWS.do?resourceId=4794347","Τμήμα Δημοσίων Έργων","Επένδυση χωμάτινων αυλακιών με σκυρόδεμα στον Παρακαμπτήριο Δρόμο Ορά προς Οδού, Δ.Τ.Δ.Ε. (Ε.Μ.Λ/ΚΑ) 22/2021.","Επένδυση χωμάτινων αυλακιών με σκυρόδεμα στον Παρακαμπτήριο Δρόμο Ορά προς Οδού.","2021-06-02T14:07:42","2021-06-25T11:00:00","Ανοικτή","Υποβολή Προσφοράς","Κάτω","https://www.eprocurement.gov.cy/epps/cft/downloadNoticeForAdvSearch.do?resourceId=4794347","84003"
"4796143","2021-06-03T07:00:29.989008","https://www.eprocurement.gov.cy/epps/cft/prepareViewCfTWS.do?resourceId=4796143","ΚΟΙΝΟΤΙΚΟ ΣΥΜΒΟΥΛΙΟ ΤΡΑΧΩΝΙΟΥ","ΠΡΟΣΦΟΡΑ ΓΙΑ ΚΑΤΑΣΚΕΥΗ ΠΕΖΟΔΡΟΜΙΩΝ ΣΤΗΝ ΚΟΙΝΟΤΗΤΑ ΤΡΑΧΩΝΙΟΥ ΤΗΣ ΕΠΑΡΧΙΑΣ ΛΕΜΕΣΟΥ","ΠΡΟΣΦΟΡΑ ΓΙΑ ΚΑΤΑΣΚΕΥΗ ΠΕΖΟΔΡΟΜΙΩΝ ΣΤΗΝ ΚΟΙΝΟΤΗΤΑ ΤΡΑΧΩΝΙΟΥ ΤΗΣ ΕΠΑΡΧΙΑΣ ΛΕΜΕΣΟΥ","2021-06-03T09:32:01","2021-06-18T09:00:00","Ανοικτή","Υποβολή Προσφοράς","Κάτω","https://www.eprocurement.gov.cy/epps/cft/downloadNoticeForAdvSearch.do?resourceId=4796143","62979.45"
"4795863","2021-06-03T07:00:29.989008","https://www.eprocurement.gov.cy/epps/cft/prepareViewCfTWS.do?resourceId=4795863","Οργανισμός Ασφάλισης Υγείας","Αγορά υπηρεσιών για τη διεξαγωγή εξωτερικού και ανεξάρτητου ιατρικού ελέγχου και επιθεώρησης απαιτήσεων που υποβάλλονται από παροχείς υπηρεσιών φροντίδας υγείας στα πλαίσια του ΓεΣΥ","Ο Οργανισμός Ασφάλισης Υγείας διενεργεί διαγωνισμό για την παροχή υπηρεσιών για τη διεξαγωγή εξωτερικού και ανεξάρτητου ιατρικού ελέγχου και επιθεώρησης απαιτήσεων που υποβάλλονται από παροχείς υπηρεσιών φροντίδας υγείας στα πλαίσια του ΓεΣΥ.","2021-06-03T09:18:31","2021-06-25T13:00:00","Ανοικτή","Υποβολή Προσφοράς","Κάτω","https://www.eprocurement.gov.cy/epps/cft/downloadNoticeForAdvSearch.do?resourceId=4795863","75000"
